image_path,crop_label,grade_label,source,split
data/raw/mango/Grading_dataset/Extra_Class/IMG_20210703_142244.jpg,mango,A,pakistani_mango_grading,train
data/raw/mango/Grading_dataset/Extra_Class/IMG_20210703_142310.jpg,mango,A,pakistani_mango_grading,train
data/raw/mango/Grading_dataset/Extra_Class/IMG_20210703_142316.jpg,mango,A,pakistani_mango_grading,train
data/raw/mango/Grading_dataset/Extra_Class/IMG_20210703_142543.jpg,mango,A,pakistani_mango_grading,train
data/raw/mango/Grading_dataset/Extra_Class/IMG_20210703_142548.jpg,mango,A,pakistani_mango_grading,train
data/raw/mango/Grading_dataset/Extra_Class/IMG_20210703_142616.jpg,mango,A,pakistani_mango_grading,train
data/raw/mango/Grading_dataset/Extra_Class/IMG_20210703_142628.jpg,mango,A,pakistani_mango_grading,train
data/raw/mango/Grading_dataset/Extra_Class/IMG_20210703_142644.jpg,mango,A,pakistani_mango_grading,train
data/raw/mango/Grading_dataset/Extra_Class/IMG_20210703_142727.jpg,mango,A,pakistani_mango_grading,train
data/raw/mango/Grading_dataset/Extra_Class/IMG_20210703_142733.jpg,mango,A,pakistani_mango_grading,train
data/raw/mango/Grading_dataset/Extra_Class/IMG_20210703_142741.jpg,mango,A,pakistani_mango_grading,train
data/raw/mango/Grading_dataset/Extra_Class/IMG_20210703_142745.jpg,mango,A,pakistani_mango_grading,train
data/raw/mango/Grading_dataset/Extra_Class/IMG_20210703_142811.jpg,mango,A,pakistani_mango_grading,train
data/raw/mango/Grading_dataset/Extra_Class/IMG_20210703_142819.jpg,mango,A,pakistani_mango_grading,train
data/raw/mango/Grading_dataset/Extra_Class/IMG_20210703_143144.jpg,mango,A,pakistani_mango_grading,train
data/raw/mango/Grading_dataset/Extra_Class/IMG_20210703_143205.jpg,mango,A,pakistani_mango_grading,train
data/raw/mango/Grading_dataset/Extra_Class/IMG_20210703_143215.jpg,mango,A,pakistani_mango_grading,train
data/raw/mango/Grading_dataset/Extra_Class/IMG_20210703_143229.jpg,mango,A,pakistani_mango_grading,train
data/raw/mango/Grading_dataset/Extra_Class/IMG_20210703_143233.jpg,mango,A,pakistani_mango_grading,train
data/raw/mango/Grading_dataset/Extra_Class/IMG_20210703_143246.jpg,mango,A,pakistani_mango_grading,train
data/raw/mango/Grading_dataset/Extra_Class/IMG_20210703_143253.jpg,mango,A,pakistani_mango_grading,train
data/raw/mango/Grading_dataset/Extra_Class/IMG_20210703_143258.jpg,mango,A,pakistani_mango_grading,train
data/raw/mango/Grading_dataset/Extra_Class/IMG_20210703_143306.jpg,mango,A,pakistani_mango_grading,train
data/raw/mango/Grading_dataset/Extra_Class/IMG_20210703_143309.jpg,mango,A,pakistani_mango_grading,train
data/raw/mango/Grading_dataset/Extra_Class/IMG_20210703_143320.jpg,mango,A,pakistani_mango_grading,train
data/raw/mango/Grading_dataset/Extra_Class/IMG_20210703_143352.jpg,mango,A,pakistani_mango_grading,train
data/raw/mango/Grading_dataset/Extra_Class/IMG_20210703_143400.jpg,mango,A,pakistani_mango_grading,train
data/raw/mango/Grading_dataset/Extra_Class/IMG_20210703_143408.jpg,mango,A,pakistani_mango_grading,train
data/raw/mango/Grading_dataset/Extra_Class/IMG_20210703_143412.jpg,mango,A,pakistani_mango_grading,train
data/raw/mango/Grading_dataset/Extra_Class/IMG_20210703_143420.jpg,mango,A,pakistani_mango_grading,train
data/raw/mango/Grading_dataset/Extra_Class/IMG_20210703_143436.jpg,mango,A,pakistani_mango_grading,train
data/raw/mango/Grading_dataset/Extra_Class/IMG_20210703_143502.jpg,mango,A,pakistani_mango_grading,train
data/raw/mango/Grading_dataset/Extra_Class/IMG_20210703_143541.jpg,mango,A,pakistani_mango_grading,train
data/raw/mango/Grading_dataset/Extra_Class/IMG_20210703_143716.jpg,mango,A,pakistani_mango_grading,train
data/raw/mango/Grading_dataset/Extra_Class/IMG_20210703_143721.jpg,mango,A,pakistani_mango_grading,train
data/raw/mango/Grading_dataset/Extra_Class/IMG_20210703_143725.jpg,mango,A,pakistani_mango_grading,train
data/raw/mango/Grading_dataset/Extra_Class/IMG_20210703_143736.jpg,mango,A,pakistani_mango_grading,train
data/raw/mango/Grading_dataset/Extra_Class/IMG_20210703_143849.jpg,mango,A,pakistani_mango_grading,train
data/raw/mango/Grading_dataset/Extra_Class/IMG_20210703_143859.jpg,mango,A,pakistani_mango_grading,train
data/raw/mango/Grading_dataset/Extra_Class/IMG_20210703_143923.jpg,mango,A,pakistani_mango_grading,train
data/raw/mango/Grading_dataset/Extra_Class/IMG_20210703_143927.jpg,mango,A,pakistani_mango_grading,train
data/raw/mango/Grading_dataset/Extra_Class/IMG_20210703_143931.jpg,mango,A,pakistani_mango_grading,train
data/raw/mango/Grading_dataset/Extra_Class/IMG_20210703_143935.jpg,mango,A,pakistani_mango_grading,train
data/raw/mango/Grading_dataset/Extra_Class/IMG_20210703_143949.jpg,mango,A,pakistani_mango_grading,train
data/raw/mango/Grading_dataset/Extra_Class/IMG_20210703_144015.jpg,mango,A,pakistani_mango_grading,train
data/raw/mango/Grading_dataset/Extra_Class/IMG_20210703_144055.jpg,mango,A,pakistani_mango_grading,train
data/raw/mango/Grading_dataset/Extra_Class/IMG_20210703_144100.jpg,mango,A,pakistani_mango_grading,train
data/raw/mango/Grading_dataset/Extra_Class/IMG_20210703_144138.jpg,mango,A,pakistani_mango_grading,train
data/raw/mango/Grading_dataset/Extra_Class/IMG_20210703_144206.jpg,mango,A,pakistani_mango_grading,train
data/raw/mango/Grading_dataset/Extra_Class/IMG_20210703_144221.jpg,mango,A,pakistani_mango_grading,train
data/raw/mango/Grading_dataset/Extra_Class/IMG_20210703_144231.jpg,mango,A,pakistani_mango_grading,train
data/raw/mango/Grading_dataset/Extra_Class/IMG_20210703_144240.jpg,mango,A,pakistani_mango_grading,train
data/raw/mango/Grading_dataset/Extra_Class/IMG_20210703_144259.jpg,mango,A,pakistani_mango_grading,train
data/raw/mango/Grading_dataset/Extra_Class/IMG_20210703_144306.jpg,mango,A,pakistani_mango_grading,train
data/raw/mango/Grading_dataset/Extra_Class/IMG_20210703_144317.jpg,mango,A,pakistani_mango_grading,train
data/raw/mango/Grading_dataset/Extra_Class/IMG_20210703_144325.jpg,mango,A,pakistani_mango_grading,train
data/raw/mango/Grading_dataset/Extra_Class/IMG_20210703_144331.jpg,mango,A,pakistani_mango_grading,train
data/raw/mango/Grading_dataset/Extra_Class/IMG_20210703_144347.jpg,mango,A,pakistani_mango_grading,train
data/raw/mango/Grading_dataset/Extra_Class/IMG_20210703_144415.jpg,mango,A,pakistani_mango_grading,train
data/raw/mango/Grading_dataset/Extra_Class/IMG_20210703_144429.jpg,mango,A,pakistani_mango_grading,train
data/raw/mango/Grading_dataset/Extra_Class/IMG_20210703_144511.jpg,mango,A,pakistani_mango_grading,train
data/raw/mango/Grading_dataset/Extra_Class/IMG_20210703_144544.jpg,mango,A,pakistani_mango_grading,train
data/raw/mango/Grading_dataset/Extra_Class/IMG_20210703_144547.jpg,mango,A,pakistani_mango_grading,train
data/raw/mango/Grading_dataset/Extra_Class/IMG_20210703_144613.jpg,mango,A,pakistani_mango_grading,train
data/raw/mango/Grading_dataset/Extra_Class/IMG_20210703_144622.jpg,mango,A,pakistani_mango_grading,train
data/raw/mango/Grading_dataset/Extra_Class/IMG_20210703_144631.jpg,mango,A,pakistani_mango_grading,train
data/raw/mango/Grading_dataset/Extra_Class/IMG_20210703_144641.jpg,mango,A,pakistani_mango_grading,train
data/raw/mango/Grading_dataset/Extra_Class/IMG_20210703_144647.jpg,mango,A,pakistani_mango_grading,train
data/raw/mango/Grading_dataset/Extra_Class/IMG_20210703_144654.jpg,mango,A,pakistani_mango_grading,train
data/raw/mango/Grading_dataset/Extra_Class/IMG_20210703_144728.jpg,mango,A,pakistani_mango_grading,train
data/raw/mango/Grading_dataset/Extra_Class/IMG_20210703_144810.jpg,mango,A,pakistani_mango_grading,train
data/raw/mango/Grading_dataset/Extra_Class/IMG_20210703_144814.jpg,mango,A,pakistani_mango_grading,train
data/raw/mango/Grading_dataset/Extra_Class/IMG_20210703_144930.jpg,mango,A,pakistani_mango_grading,train
data/raw/mango/Grading_dataset/Extra_Class/IMG_20210703_144935.jpg,mango,A,pakistani_mango_grading,train
data/raw/mango/Grading_dataset/Extra_Class/IMG_20210703_144941.jpg,mango,A,pakistani_mango_grading,train
data/raw/mango/Grading_dataset/Extra_Class/IMG_20210703_144957.jpg,mango,A,pakistani_mango_grading,train
data/raw/mango/Grading_dataset/Extra_Class/IMG_20210703_145012.jpg,mango,A,pakistani_mango_grading,train
data/raw/mango/Grading_dataset/Extra_Class/IMG_20210703_145028.jpg,mango,A,pakistani_mango_grading,train
data/raw/mango/Grading_dataset/Extra_Class/IMG_20210703_145037.jpg,mango,A,pakistani_mango_grading,train
data/raw/mango/Grading_dataset/Extra_Class/IMG_20210703_145053.jpg,mango,A,pakistani_mango_grading,train
data/raw/mango/Grading_dataset/Extra_Class/IMG_20210703_145107.jpg,mango,A,pakistani_mango_grading,train
data/raw/mango/Grading_dataset/Extra_Class/IMG_20210703_145120.jpg,mango,A,pakistani_mango_grading,train
data/raw/mango/Grading_dataset/Extra_Class/IMG_20210703_145125.jpg,mango,A,pakistani_mango_grading,train
data/raw/mango/Grading_dataset/Extra_Class/IMG_20210703_145143.jpg,mango,A,pakistani_mango_grading,train
data/raw/mango/Grading_dataset/Extra_Class/IMG_20210703_145148.jpg,mango,A,pakistani_mango_grading,train
data/raw/mango/Grading_dataset/Extra_Class/IMG_20210703_145152.jpg,mango,A,pakistani_mango_grading,train
data/raw/mango/Grading_dataset/Extra_Class/IMG_20210703_145157.jpg,mango,A,pakistani_mango_grading,train
data/raw/mango/Grading_dataset/Extra_Class/IMG_20210703_145204.jpg,mango,A,pakistani_mango_grading,train
data/raw/mango/Grading_dataset/Extra_Class/IMG_20210703_145214.jpg,mango,A,pakistani_mango_grading,train
data/raw/mango/Grading_dataset/Extra_Class/IMG_20210703_145216.jpg,mango,A,pakistani_mango_grading,train
data/raw/mango/Grading_dataset/Extra_Class/IMG_20210703_145233.jpg,mango,A,pakistani_mango_grading,train
data/raw/mango/Grading_dataset/Extra_Class/IMG_20210703_145244.jpg,mango,A,pakistani_mango_grading,train
data/raw/mango/Grading_dataset/Extra_Class/IMG_20210703_145248.jpg,mango,A,pakistani_mango_grading,train
data/raw/mango/Grading_dataset/Extra_Class/IMG_20210703_145252.jpg,mango,A,pakistani_mango_grading,train
data/raw/mango/Grading_dataset/Extra_Class/IMG_20210703_145304.jpg,mango,A,pakistani_mango_grading,train
data/raw/mango/Grading_dataset/Extra_Class/IMG_20210703_145309.jpg,mango,A,pakistani_mango_grading,train
data/raw/mango/Grading_dataset/Extra_Class/IMG_20210703_145317.jpg,mango,A,pakistani_mango_grading,train
data/raw/mango/Grading_dataset/Extra_Class/IMG_20210703_145328.jpg,mango,A,pakistani_mango_grading,train
data/raw/mango/Grading_dataset/Extra_Class/IMG_20210703_145338.jpg,mango,A,pakistani_mango_grading,train
data/raw/mango/Grading_dataset/Extra_Class/IMG_20210703_145357.jpg,mango,A,pakistani_mango_grading,train
data/raw/mango/Grading_dataset/Extra_Class/IMG_20210703_145416.jpg,mango,A,pakistani_mango_grading,train
data/raw/mango/Grading_dataset/Extra_Class/IMG_20210703_145422.jpg,mango,A,pakistani_mango_grading,train
data/raw/mango/Grading_dataset/Extra_Class/IMG_20210703_145437.jpg,mango,A,pakistani_mango_grading,train
data/raw/mango/Grading_dataset/Extra_Class/IMG_20210703_145441.jpg,mango,A,pakistani_mango_grading,train
data/raw/mango/Grading_dataset/Extra_Class/IMG_20210703_145454.jpg,mango,A,pakistani_mango_grading,train
data/raw/mango/Grading_dataset/Extra_Class/IMG_20210703_145504.jpg,mango,A,pakistani_mango_grading,train
data/raw/mango/Grading_dataset/Extra_Class/IMG_20210703_145602.jpg,mango,A,pakistani_mango_grading,train
data/raw/mango/Grading_dataset/Extra_Class/IMG_20210703_145612.jpg,mango,A,pakistani_mango_grading,train
data/raw/mango/Grading_dataset/Extra_Class/IMG_20210703_145632.jpg,mango,A,pakistani_mango_grading,train
data/raw/mango/Grading_dataset/Extra_Class/IMG_20210703_145708.jpg,mango,A,pakistani_mango_grading,train
data/raw/mango/Grading_dataset/Extra_Class/IMG_20210703_145727.jpg,mango,A,pakistani_mango_grading,train
data/raw/mango/Grading_dataset/Extra_Class/IMG_20210703_145739.jpg,mango,A,pakistani_mango_grading,train
data/raw/mango/Grading_dataset/Extra_Class/IMG_20210703_145749.jpg,mango,A,pakistani_mango_grading,train
data/raw/mango/Grading_dataset/Extra_Class/IMG_20210703_145801.jpg,mango,A,pakistani_mango_grading,train
data/raw/mango/Grading_dataset/Extra_Class/IMG_20210703_145806.jpg,mango,A,pakistani_mango_grading,train
data/raw/mango/Grading_dataset/Extra_Class/IMG_20210703_145819.jpg,mango,A,pakistani_mango_grading,train
data/raw/mango/Grading_dataset/Extra_Class/IMG_20210703_150359.jpg,mango,A,pakistani_mango_grading,train
data/raw/mango/Grading_dataset/Extra_Class/IMG_20210703_150415.jpg,mango,A,pakistani_mango_grading,train
data/raw/mango/Grading_dataset/Extra_Class/IMG_20210703_150431.jpg,mango,A,pakistani_mango_grading,train
data/raw/mango/Grading_dataset/Extra_Class/IMG_20210703_150439.jpg,mango,A,pakistani_mango_grading,train
data/raw/mango/Grading_dataset/Extra_Class/IMG_20210703_150443.jpg,mango,A,pakistani_mango_grading,train
data/raw/mango/Grading_dataset/Extra_Class/IMG_20210703_150447.jpg,mango,A,pakistani_mango_grading,train
data/raw/mango/Grading_dataset/Extra_Class/IMG_20210703_150515.jpg,mango,A,pakistani_mango_grading,train
data/raw/mango/Grading_dataset/Extra_Class/IMG_20210703_150520.jpg,mango,A,pakistani_mango_grading,train
data/raw/mango/Grading_dataset/Extra_Class/IMG_20210703_150534.jpg,mango,A,pakistani_mango_grading,train
data/raw/mango/Grading_dataset/Extra_Class/IMG_20210703_150539.jpg,mango,A,pakistani_mango_grading,train
data/raw/mango/Grading_dataset/Extra_Class/IMG_20210703_150550.jpg,mango,A,pakistani_mango_grading,train
data/raw/mango/Grading_dataset/Extra_Class/IMG_20210703_150553.jpg,mango,A,pakistani_mango_grading,train
data/raw/mango/Grading_dataset/Extra_Class/IMG_20210703_150614.jpg,mango,A,pakistani_mango_grading,train
data/raw/mango/Grading_dataset/Extra_Class/IMG_20210703_150636.jpg,mango,A,pakistani_mango_grading,train
data/raw/mango/Grading_dataset/Extra_Class/IMG_20210703_150640.jpg,mango,A,pakistani_mango_grading,train
data/raw/mango/Grading_dataset/Extra_Class/IMG_20210703_150709.jpg,mango,A,pakistani_mango_grading,train
data/raw/mango/Grading_dataset/Extra_Class/IMG_20210703_150740.jpg,mango,A,pakistani_mango_grading,train
data/raw/mango/Grading_dataset/Extra_Class/IMG_20210703_150947.jpg,mango,A,pakistani_mango_grading,train
data/raw/mango/Grading_dataset/Extra_Class/IMG_20210703_151000.jpg,mango,A,pakistani_mango_grading,train
data/raw/mango/Grading_dataset/Extra_Class/IMG_20210703_151004.jpg,mango,A,pakistani_mango_grading,train
data/raw/mango/Grading_dataset/Extra_Class/IMG_20210703_151010.jpg,mango,A,pakistani_mango_grading,train
data/raw/mango/Grading_dataset/Extra_Class/IMG_20210703_151016.jpg,mango,A,pakistani_mango_grading,train
data/raw/mango/Grading_dataset/Extra_Class/IMG_20210703_151055.jpg,mango,A,pakistani_mango_grading,train
data/raw/mango/Grading_dataset/Extra_Class/IMG_20210703_151157.jpg,mango,A,pakistani_mango_grading,train
data/raw/mango/Grading_dataset/Class_I/IMG_20210703_151539.jpg,mango,B,pakistani_mango_grading,train
data/raw/mango/Grading_dataset/Class_I/IMG_20210703_151609.jpg,mango,B,pakistani_mango_grading,train
data/raw/mango/Grading_dataset/Class_I/IMG_20210703_151611.jpg,mango,B,pakistani_mango_grading,train
data/raw/mango/Grading_dataset/Class_I/IMG_20210703_151624.jpg,mango,B,pakistani_mango_grading,train
data/raw/mango/Grading_dataset/Class_I/IMG_20210703_151705.jpg,mango,B,pakistani_mango_grading,train
data/raw/mango/Grading_dataset/Class_I/IMG_20210703_151712.jpg,mango,B,pakistani_mango_grading,train
data/raw/mango/Grading_dataset/Class_I/IMG_20210703_151739.jpg,mango,B,pakistani_mango_grading,train
data/raw/mango/Grading_dataset/Class_I/IMG_20210703_151742.jpg,mango,B,pakistani_mango_grading,train
data/raw/mango/Grading_dataset/Class_I/IMG_20210703_151750.jpg,mango,B,pakistani_mango_grading,train
data/raw/mango/Grading_dataset/Class_I/IMG_20210703_151802.jpg,mango,B,pakistani_mango_grading,train
data/raw/mango/Grading_dataset/Class_I/IMG_20210703_151819.jpg,mango,B,pakistani_mango_grading,train
data/raw/mango/Grading_dataset/Class_I/IMG_20210703_151922.jpg,mango,B,pakistani_mango_grading,train
data/raw/mango/Grading_dataset/Class_I/IMG_20210703_151931.jpg,mango,B,pakistani_mango_grading,train
data/raw/mango/Grading_dataset/Class_I/IMG_20210703_151939.jpg,mango,B,pakistani_mango_grading,train
data/raw/mango/Grading_dataset/Class_I/IMG_20210703_151946.jpg,mango,B,pakistani_mango_grading,train
data/raw/mango/Grading_dataset/Class_I/IMG_20210703_151954.jpg,mango,B,pakistani_mango_grading,train
data/raw/mango/Grading_dataset/Class_I/IMG_20210703_152020.jpg,mango,B,pakistani_mango_grading,train
data/raw/mango/Grading_dataset/Class_I/IMG_20210703_152024.jpg,mango,B,pakistani_mango_grading,train
data/raw/mango/Grading_dataset/Class_I/IMG_20210703_152027.jpg,mango,B,pakistani_mango_grading,train
data/raw/mango/Grading_dataset/Class_I/IMG_20210703_152033.jpg,mango,B,pakistani_mango_grading,train
data/raw/mango/Grading_dataset/Class_I/IMG_20210703_152106.jpg,mango,B,pakistani_mango_grading,train
data/raw/mango/Grading_dataset/Class_I/IMG_20210703_152113.jpg,mango,B,pakistani_mango_grading,train
data/raw/mango/Grading_dataset/Class_I/IMG_20210703_152137.jpg,mango,B,pakistani_mango_grading,train
data/raw/mango/Grading_dataset/Class_I/IMG_20210703_152144.jpg,mango,B,pakistani_mango_grading,train
data/raw/mango/Grading_dataset/Class_I/IMG_20210703_152200.jpg,mango,B,pakistani_mango_grading,train
data/raw/mango/Grading_dataset/Class_I/IMG_20210703_152207.jpg,mango,B,pakistani_mango_grading,train
data/raw/mango/Grading_dataset/Class_I/IMG_20210703_152212.jpg,mango,B,pakistani_mango_grading,train
data/raw/mango/Grading_dataset/Class_I/IMG_20210703_152226.jpg,mango,B,pakistani_mango_grading,train
data/raw/mango/Grading_dataset/Class_I/IMG_20210703_152231.jpg,mango,B,pakistani_mango_grading,train
data/raw/mango/Grading_dataset/Class_I/IMG_20210703_152235.jpg,mango,B,pakistani_mango_grading,train
data/raw/mango/Grading_dataset/Class_I/IMG_20210703_152242.jpg,mango,B,pakistani_mango_grading,train
data/raw/mango/Grading_dataset/Class_I/IMG_20210703_152252.jpg,mango,B,pakistani_mango_grading,train
data/raw/mango/Grading_dataset/Class_I/IMG_20210703_152313.jpg,mango,B,pakistani_mango_grading,train
data/raw/mango/Grading_dataset/Class_I/IMG_20210703_152319.jpg,mango,B,pakistani_mango_grading,train
data/raw/mango/Grading_dataset/Class_I/IMG_20210703_152343.jpg,mango,B,pakistani_mango_grading,train
data/raw/mango/Grading_dataset/Class_I/IMG_20210703_152352.jpg,mango,B,pakistani_mango_grading,train
data/raw/mango/Grading_dataset/Class_I/IMG_20210703_152410.jpg,mango,B,pakistani_mango_grading,train
data/raw/mango/Grading_dataset/Class_I/IMG_20210703_152417.jpg,mango,B,pakistani_mango_grading,train
data/raw/mango/Grading_dataset/Class_I/IMG_20210703_152433.jpg,mango,B,pakistani_mango_grading,train
data/raw/mango/Grading_dataset/Class_I/IMG_20210703_152440.jpg,mango,B,pakistani_mango_grading,train
data/raw/mango/Grading_dataset/Class_I/IMG_20210703_152503.jpg,mango,B,pakistani_mango_grading,train
data/raw/mango/Grading_dataset/Class_I/IMG_20210703_152533.jpg,mango,B,pakistani_mango_grading,train
data/raw/mango/Grading_dataset/Class_I/IMG_20210703_152600.jpg,mango,B,pakistani_mango_grading,train
data/raw/mango/Grading_dataset/Class_I/IMG_20210703_152624.jpg,mango,B,pakistani_mango_grading,train
data/raw/mango/Grading_dataset/Class_I/IMG_20210703_152632.jpg,mango,B,pakistani_mango_grading,train
data/raw/mango/Grading_dataset/Class_I/IMG_20210703_152642.jpg,mango,B,pakistani_mango_grading,train
data/raw/mango/Grading_dataset/Class_I/IMG_20210703_152653.jpg,mango,B,pakistani_mango_grading,train
data/raw/mango/Grading_dataset/Class_I/IMG_20210703_152659.jpg,mango,B,pakistani_mango_grading,train
data/raw/mango/Grading_dataset/Class_I/IMG_20210703_152705.jpg,mango,B,pakistani_mango_grading,train
data/raw/mango/Grading_dataset/Class_I/IMG_20210703_152712.jpg,mango,B,pakistani_mango_grading,train
data/raw/mango/Grading_dataset/Class_I/IMG_20210703_152718.jpg,mango,B,pakistani_mango_grading,train
data/raw/mango/Grading_dataset/Class_I/IMG_20210703_152724.jpg,mango,B,pakistani_mango_grading,train
data/raw/mango/Grading_dataset/Class_I/IMG_20210703_152731.jpg,mango,B,pakistani_mango_grading,train
data/raw/mango/Grading_dataset/Class_I/IMG_20210703_152735.jpg,mango,B,pakistani_mango_grading,train
data/raw/mango/Grading_dataset/Class_I/IMG_20210703_152742.jpg,mango,B,pakistani_mango_grading,train
data/raw/mango/Grading_dataset/Class_I/IMG_20210703_152751.jpg,mango,B,pakistani_mango_grading,train
data/raw/mango/Grading_dataset/Class_I/IMG_20210703_152756.jpg,mango,B,pakistani_mango_grading,train
data/raw/mango/Grading_dataset/Class_I/IMG_20210703_152805.jpg,mango,B,pakistani_mango_grading,train
data/raw/mango/Grading_dataset/Class_I/IMG_20210703_152813.jpg,mango,B,pakistani_mango_grading,train
data/raw/mango/Grading_dataset/Class_I/IMG_20210703_152821.jpg,mango,B,pakistani_mango_grading,train
data/raw/mango/Grading_dataset/Class_I/IMG_20210703_152828.jpg,mango,B,pakistani_mango_grading,train
data/raw/mango/Grading_dataset/Class_I/IMG_20210703_152846.jpg,mango,B,pakistani_mango_grading,train
data/raw/mango/Grading_dataset/Class_I/IMG_20210703_152901.jpg,mango,B,pakistani_mango_grading,train
data/raw/mango/Grading_dataset/Class_I/IMG_20210703_152905.jpg,mango,B,pakistani_mango_grading,train
data/raw/mango/Grading_dataset/Class_I/IMG_20210703_152915.jpg,mango,B,pakistani_mango_grading,train
data/raw/mango/Grading_dataset/Class_I/IMG_20210703_152931.jpg,mango,B,pakistani_mango_grading,train
data/raw/mango/Grading_dataset/Class_I/IMG_20210703_152936.jpg,mango,B,pakistani_mango_grading,train
data/raw/mango/Grading_dataset/Class_I/IMG_20210703_152950.jpg,mango,B,pakistani_mango_grading,train
data/raw/mango/Grading_dataset/Class_I/IMG_20210703_152953.jpg,mango,B,pakistani_mango_grading,train
data/raw/mango/Grading_dataset/Class_I/IMG_20210703_153012.jpg,mango,B,pakistani_mango_grading,train
data/raw/mango/Grading_dataset/Class_I/IMG_20210703_153016.jpg,mango,B,pakistani_mango_grading,train
data/raw/mango/Grading_dataset/Class_I/IMG_20210703_153024.jpg,mango,B,pakistani_mango_grading,train
data/raw/mango/Grading_dataset/Class_I/IMG_20210703_153039.jpg,mango,B,pakistani_mango_grading,train
data/raw/mango/Grading_dataset/Class_I/IMG_20210703_153044.jpg,mango,B,pakistani_mango_grading,train
data/raw/mango/Grading_dataset/Class_I/IMG_20210703_153051.jpg,mango,B,pakistani_mango_grading,train
data/raw/mango/Grading_dataset/Class_I/IMG_20210703_153125.jpg,mango,B,pakistani_mango_grading,train
data/raw/mango/Grading_dataset/Class_I/IMG_20210703_153130.jpg,mango,B,pakistani_mango_grading,train
data/raw/mango/Grading_dataset/Class_I/IMG_20210703_153146.jpg,mango,B,pakistani_mango_grading,train
data/raw/mango/Grading_dataset/Class_I/IMG_20210703_153158.jpg,mango,B,pakistani_mango_grading,train
data/raw/mango/Grading_dataset/Class_I/IMG_20210703_153211.jpg,mango,B,pakistani_mango_grading,train
data/raw/mango/Grading_dataset/Class_I/IMG_20210703_153217.jpg,mango,B,pakistani_mango_grading,train
data/raw/mango/Grading_dataset/Class_I/IMG_20210703_153235.jpg,mango,B,pakistani_mango_grading,train
data/raw/mango/Grading_dataset/Class_I/IMG_20210703_153248.jpg,mango,B,pakistani_mango_grading,train
data/raw/mango/Grading_dataset/Class_I/IMG_20210703_153251.jpg,mango,B,pakistani_mango_grading,train
data/raw/mango/Grading_dataset/Class_I/IMG_20210703_153317.jpg,mango,B,pakistani_mango_grading,train
data/raw/mango/Grading_dataset/Class_I/IMG_20210703_153330.jpg,mango,B,pakistani_mango_grading,train
data/raw/mango/Grading_dataset/Class_I/IMG_20210703_153335.jpg,mango,B,pakistani_mango_grading,train
data/raw/mango/Grading_dataset/Class_I/IMG_20210703_153409.jpg,mango,B,pakistani_mango_grading,train
data/raw/mango/Grading_dataset/Class_I/IMG_20210703_153429.jpg,mango,B,pakistani_mango_grading,train
data/raw/mango/Grading_dataset/Class_I/IMG_20210703_153440.jpg,mango,B,pakistani_mango_grading,train
data/raw/mango/Grading_dataset/Class_I/IMG_20210703_153444.jpg,mango,B,pakistani_mango_grading,train
data/raw/mango/Grading_dataset/Class_I/IMG_20210703_153451.jpg,mango,B,pakistani_mango_grading,train
data/raw/mango/Grading_dataset/Class_I/IMG_20210703_153508.jpg,mango,B,pakistani_mango_grading,train
data/raw/mango/Grading_dataset/Class_I/IMG_20210703_153532.jpg,mango,B,pakistani_mango_grading,train
data/raw/mango/Grading_dataset/Class_I/IMG_20210703_153540.jpg,mango,B,pakistani_mango_grading,train
data/raw/mango/Grading_dataset/Class_I/IMG_20210703_153543.jpg,mango,B,pakistani_mango_grading,train
data/raw/mango/Grading_dataset/Class_I/IMG_20210703_153552.jpg,mango,B,pakistani_mango_grading,train
data/raw/mango/Grading_dataset/Class_I/IMG_20210703_153555.jpg,mango,B,pakistani_mango_grading,train
data/raw/mango/Grading_dataset/Class_I/IMG_20210703_153635.jpg,mango,B,pakistani_mango_grading,train
data/raw/mango/Grading_dataset/Class_I/IMG_20210703_153640.jpg,mango,B,pakistani_mango_grading,train
data/raw/mango/Grading_dataset/Class_I/IMG_20210703_153708.jpg,mango,B,pakistani_mango_grading,train
data/raw/mango/Grading_dataset/Class_I/IMG_20210703_153715.jpg,mango,B,pakistani_mango_grading,train
data/raw/mango/Grading_dataset/Class_I/IMG_20210703_153732.jpg,mango,B,pakistani_mango_grading,train
data/raw/mango/Grading_dataset/Class_I/IMG_20210703_153736.jpg,mango,B,pakistani_mango_grading,train
data/raw/mango/Grading_dataset/Class_I/IMG_20210703_153816.jpg,mango,B,pakistani_mango_grading,train
data/raw/mango/Grading_dataset/Class_I/IMG_20210703_153821.jpg,mango,B,pakistani_mango_grading,train
data/raw/mango/Grading_dataset/Class_I/IMG_20210703_153829.jpg,mango,B,pakistani_mango_grading,train
data/raw/mango/Grading_dataset/Class_I/IMG_20210703_153835.jpg,mango,B,pakistani_mango_grading,train
data/raw/mango/Grading_dataset/Class_I/IMG_20210703_153848.jpg,mango,B,pakistani_mango_grading,train
data/raw/mango/Grading_dataset/Class_I/IMG_20210703_153852.jpg,mango,B,pakistani_mango_grading,train
data/raw/mango/Grading_dataset/Class_I/IMG_20210703_153927.jpg,mango,B,pakistani_mango_grading,train
data/raw/mango/Grading_dataset/Class_I/IMG_20210703_153934.jpg,mango,B,pakistani_mango_grading,train
data/raw/mango/Grading_dataset/Class_I/IMG_20210703_153948.jpg,mango,B,pakistani_mango_grading,train
data/raw/mango/Grading_dataset/Class_I/IMG_20210703_153955.jpg,mango,B,pakistani_mango_grading,train
data/raw/mango/Grading_dataset/Class_I/IMG_20210703_154004.jpg,mango,B,pakistani_mango_grading,train
data/raw/mango/Grading_dataset/Class_I/IMG_20210703_154018.jpg,mango,B,pakistani_mango_grading,train
data/raw/mango/Grading_dataset/Class_I/IMG_20210703_154023.jpg,mango,B,pakistani_mango_grading,train
data/raw/mango/Grading_dataset/Class_I/IMG_20210703_154033.jpg,mango,B,pakistani_mango_grading,train
data/raw/mango/Grading_dataset/Class_I/IMG_20210703_154037.jpg,mango,B,pakistani_mango_grading,train
data/raw/mango/Grading_dataset/Class_I/IMG_20210703_154148.jpg,mango,B,pakistani_mango_grading,train
data/raw/mango/Grading_dataset/Class_I/IMG_20210703_154211.jpg,mango,B,pakistani_mango_grading,train
data/raw/mango/Grading_dataset/Class_I/IMG_20210703_154218.jpg,mango,B,pakistani_mango_grading,train
data/raw/mango/Grading_dataset/Class_I/IMG_20210703_154306.jpg,mango,B,pakistani_mango_grading,train
data/raw/mango/Grading_dataset/Class_I/IMG_20210703_154318.jpg,mango,B,pakistani_mango_grading,train
data/raw/mango/Grading_dataset/Class_I/IMG_20210703_154422.jpg,mango,B,pakistani_mango_grading,train
data/raw/mango/Grading_dataset/Class_I/IMG_20210703_154448.jpg,mango,B,pakistani_mango_grading,train
data/raw/mango/Grading_dataset/Class_I/IMG_20210703_154454.jpg,mango,B,pakistani_mango_grading,train
data/raw/mango/Grading_dataset/Class_I/IMG_20210703_154505.jpg,mango,B,pakistani_mango_grading,train
data/raw/mango/Grading_dataset/Class_I/IMG_20210703_154525.jpg,mango,B,pakistani_mango_grading,train
data/raw/mango/Grading_dataset/Class_I/IMG_20210703_154528.jpg,mango,B,pakistani_mango_grading,train
data/raw/mango/Grading_dataset/Class_I/IMG_20210703_154535.jpg,mango,B,pakistani_mango_grading,train
data/raw/mango/Grading_dataset/Class_I/IMG_20210703_154754.jpg,mango,B,pakistani_mango_grading,train
data/raw/mango/Grading_dataset/Class_I/IMG_20210703_154814.jpg,mango,B,pakistani_mango_grading,train
data/raw/mango/Grading_dataset/Class_I/IMG_20210703_154827.jpg,mango,B,pakistani_mango_grading,train
data/raw/mango/Grading_dataset/Class_I/IMG_20210703_154854.jpg,mango,B,pakistani_mango_grading,train
data/raw/mango/Grading_dataset/Class_I/IMG_20210703_154859.jpg,mango,B,pakistani_mango_grading,train
data/raw/mango/Grading_dataset/Class_I/IMG_20210703_154914.jpg,mango,B,pakistani_mango_grading,train
data/raw/mango/Grading_dataset/Class_I/IMG_20210703_155113.jpg,mango,B,pakistani_mango_grading,train
data/raw/mango/Grading_dataset/Class_I/IMG_20210703_155142.jpg,mango,B,pakistani_mango_grading,train
data/raw/mango/Grading_dataset/Class_I/IMG_20210703_155154.jpg,mango,B,pakistani_mango_grading,train
data/raw/mango/Grading_dataset/Class_II/IMG_20210703_155504.jpg,mango,C,pakistani_mango_grading,train
data/raw/mango/Grading_dataset/Class_II/IMG_20210703_155528.jpg,mango,C,pakistani_mango_grading,train
data/raw/mango/Grading_dataset/Class_II/IMG_20210703_155532.jpg,mango,C,pakistani_mango_grading,train
data/raw/mango/Grading_dataset/Class_II/IMG_20210703_155540.jpg,mango,C,pakistani_mango_grading,train
data/raw/mango/Grading_dataset/Class_II/IMG_20210703_155549.jpg,mango,C,pakistani_mango_grading,train
data/raw/mango/Grading_dataset/Class_II/IMG_20210703_155559.jpg,mango,C,pakistani_mango_grading,train
data/raw/mango/Grading_dataset/Class_II/IMG_20210703_155626.jpg,mango,C,pakistani_mango_grading,train
data/raw/mango/Grading_dataset/Class_II/IMG_20210703_155633_Burst02.jpg,mango,C,pakistani_mango_grading,train
data/raw/mango/Grading_dataset/Class_II/IMG_20210703_155633_Burst03.jpg,mango,C,pakistani_mango_grading,train
data/raw/mango/Grading_dataset/Class_II/IMG_20210703_155746.jpg,mango,C,pakistani_mango_grading,train
data/raw/mango/Grading_dataset/Class_II/IMG_20210703_155750.jpg,mango,C,pakistani_mango_grading,train
data/raw/mango/Grading_dataset/Class_II/IMG_20210703_155827.jpg,mango,C,pakistani_mango_grading,train
data/raw/mango/Grading_dataset/Class_II/IMG_20210703_155840.jpg,mango,C,pakistani_mango_grading,train
data/raw/mango/Grading_dataset/Class_II/IMG_20210703_155858.jpg,mango,C,pakistani_mango_grading,train
data/raw/mango/Grading_dataset/Class_II/IMG_20210703_155902.jpg,mango,C,pakistani_mango_grading,train
data/raw/mango/Grading_dataset/Class_II/IMG_20210703_155909.jpg,mango,C,pakistani_mango_grading,train
data/raw/mango/Grading_dataset/Class_II/IMG_20210703_155913.jpg,mango,C,pakistani_mango_grading,train
data/raw/mango/Grading_dataset/Class_II/IMG_20210703_160005.jpg,mango,C,pakistani_mango_grading,train
data/raw/mango/Grading_dataset/Class_II/IMG_20210703_160016.jpg,mango,C,pakistani_mango_grading,train
data/raw/mango/Grading_dataset/Class_II/IMG_20210703_160026.jpg,mango,C,pakistani_mango_grading,train
data/raw/mango/Grading_dataset/Class_II/IMG_20210703_160048.jpg,mango,C,pakistani_mango_grading,train
data/raw/mango/Grading_dataset/Class_II/IMG_20210703_160053.jpg,mango,C,pakistani_mango_grading,train
data/raw/mango/Grading_dataset/Class_II/IMG_20210703_160100.jpg,mango,C,pakistani_mango_grading,train
data/raw/mango/Grading_dataset/Class_II/IMG_20210703_160137.jpg,mango,C,pakistani_mango_grading,train
data/raw/mango/Grading_dataset/Class_II/IMG_20210703_160149.jpg,mango,C,pakistani_mango_grading,train
data/raw/mango/Grading_dataset/Class_II/IMG_20210703_160154.jpg,mango,C,pakistani_mango_grading,train
data/raw/mango/Grading_dataset/Class_II/IMG_20210703_160206.jpg,mango,C,pakistani_mango_grading,train
data/raw/mango/Grading_dataset/Class_II/IMG_20210703_160217.jpg,mango,C,pakistani_mango_grading,train
data/raw/mango/Grading_dataset/Class_II/IMG_20210703_160222.jpg,mango,C,pakistani_mango_grading,train
data/raw/mango/Grading_dataset/Class_II/IMG_20210703_160225.jpg,mango,C,pakistani_mango_grading,train
data/raw/mango/Grading_dataset/Class_II/IMG_20210703_160230.jpg,mango,C,pakistani_mango_grading,train
data/raw/mango/Grading_dataset/Class_II/IMG_20210703_160238.jpg,mango,C,pakistani_mango_grading,train
data/raw/mango/Grading_dataset/Class_II/IMG_20210703_160244.jpg,mango,C,pakistani_mango_grading,train
data/raw/mango/Grading_dataset/Class_II/IMG_20210703_160300.jpg,mango,C,pakistani_mango_grading,train
data/raw/mango/Grading_dataset/Class_II/IMG_20210703_160307.jpg,mango,C,pakistani_mango_grading,train
data/raw/mango/Grading_dataset/Class_II/IMG_20210703_160312.jpg,mango,C,pakistani_mango_grading,train
data/raw/mango/Grading_dataset/Class_II/IMG_20210703_160331.jpg,mango,C,pakistani_mango_grading,train
data/raw/mango/Grading_dataset/Class_II/IMG_20210703_160341.jpg,mango,C,pakistani_mango_grading,train
data/raw/mango/Grading_dataset/Class_II/IMG_20210703_160345.jpg,mango,C,pakistani_mango_grading,train
data/raw/mango/Grading_dataset/Class_II/IMG_20210703_160403.jpg,mango,C,pakistani_mango_grading,train
data/raw/mango/Grading_dataset/Class_II/IMG_20210703_160406.jpg,mango,C,pakistani_mango_grading,train
data/raw/mango/Grading_dataset/Class_II/IMG_20210703_160417.jpg,mango,C,pakistani_mango_grading,train
data/raw/mango/Grading_dataset/Class_II/IMG_20210703_160426.jpg,mango,C,pakistani_mango_grading,train
data/raw/mango/Grading_dataset/Class_II/IMG_20210703_160440.jpg,mango,C,pakistani_mango_grading,train
data/raw/mango/Grading_dataset/Class_II/IMG_20210703_160452.jpg,mango,C,pakistani_mango_grading,train
data/raw/mango/Grading_dataset/Class_II/IMG_20210703_160455.jpg,mango,C,pakistani_mango_grading,train
data/raw/mango/Grading_dataset/Class_II/IMG_20210703_160457.jpg,mango,C,pakistani_mango_grading,train
data/raw/mango/Grading_dataset/Class_II/IMG_20210703_160502.jpg,mango,C,pakistani_mango_grading,train
data/raw/mango/Grading_dataset/Class_II/IMG_20210703_160511.jpg,mango,C,pakistani_mango_grading,train
data/raw/mango/Grading_dataset/Class_II/IMG_20210703_160520.jpg,mango,C,pakistani_mango_grading,train
data/raw/mango/Grading_dataset/Class_II/IMG_20210703_160523.jpg,mango,C,pakistani_mango_grading,train
data/raw/mango/Grading_dataset/Class_II/IMG_20210703_160531.jpg,mango,C,pakistani_mango_grading,train
data/raw/mango/Grading_dataset/Class_II/IMG_20210703_160534.jpg,mango,C,pakistani_mango_grading,train
data/raw/mango/Grading_dataset/Class_II/IMG_20210703_160537.jpg,mango,C,pakistani_mango_grading,train
data/raw/mango/Grading_dataset/Class_II/IMG_20210703_160539.jpg,mango,C,pakistani_mango_grading,train
data/raw/mango/Grading_dataset/Class_II/IMG_20210703_160548.jpg,mango,C,pakistani_mango_grading,train
data/raw/mango/Grading_dataset/Class_II/IMG_20210703_160555.jpg,mango,C,pakistani_mango_grading,train
data/raw/mango/Grading_dataset/Class_II/IMG_20210703_160611.jpg,mango,C,pakistani_mango_grading,train
data/raw/mango/Grading_dataset/Class_II/IMG_20210703_160616.jpg,mango,C,pakistani_mango_grading,train
data/raw/mango/Grading_dataset/Class_II/IMG_20210703_160620.jpg,mango,C,pakistani_mango_grading,train
data/raw/mango/Grading_dataset/Class_II/IMG_20210703_160622.jpg,mango,C,pakistani_mango_grading,train
data/raw/mango/Grading_dataset/Class_II/IMG_20210703_160640.jpg,mango,C,pakistani_mango_grading,train
data/raw/mango/Grading_dataset/Class_II/IMG_20210703_160655.jpg,mango,C,pakistani_mango_grading,train
data/raw/mango/Grading_dataset/Class_II/IMG_20210703_160658.jpg,mango,C,pakistani_mango_grading,train
data/raw/mango/Grading_dataset/Class_II/IMG_20210703_160728.jpg,mango,C,pakistani_mango_grading,train
data/raw/mango/Grading_dataset/Class_II/IMG_20210703_160731.jpg,mango,C,pakistani_mango_grading,train
data/raw/mango/Grading_dataset/Class_II/IMG_20210703_160734.jpg,mango,C,pakistani_mango_grading,train
data/raw/mango/Grading_dataset/Class_II/IMG_20210703_160738.jpg,mango,C,pakistani_mango_grading,train
data/raw/mango/Grading_dataset/Class_II/IMG_20210703_160746.jpg,mango,C,pakistani_mango_grading,train
data/raw/mango/Grading_dataset/Class_II/IMG_20210703_160753.jpg,mango,C,pakistani_mango_grading,train
data/raw/mango/Grading_dataset/Class_II/IMG_20210703_160815.jpg,mango,C,pakistani_mango_grading,train
data/raw/mango/Grading_dataset/Class_II/IMG_20210703_160818.jpg,mango,C,pakistani_mango_grading,train
data/raw/mango/Grading_dataset/Class_II/IMG_20210703_160849.jpg,mango,C,pakistani_mango_grading,train
data/raw/mango/Grading_dataset/Class_II/IMG_20210703_160851.jpg,mango,C,pakistani_mango_grading,train
data/raw/mango/Grading_dataset/Class_II/IMG_20210703_160858.jpg,mango,C,pakistani_mango_grading,train
data/raw/mango/Grading_dataset/Class_II/IMG_20210703_160915.jpg,mango,C,pakistani_mango_grading,train
data/raw/mango/Grading_dataset/Class_II/IMG_20210703_160919.jpg,mango,C,pakistani_mango_grading,train
data/raw/mango/Grading_dataset/Class_II/IMG_20210703_160934.jpg,mango,C,pakistani_mango_grading,train
data/raw/mango/Grading_dataset/Class_II/IMG_20210703_160937.jpg,mango,C,pakistani_mango_grading,train
data/raw/mango/Grading_dataset/Class_II/IMG_20210703_160946.jpg,mango,C,pakistani_mango_grading,train
data/raw/mango/Grading_dataset/Class_II/IMG_20210703_160953.jpg,mango,C,pakistani_mango_grading,train
data/raw/mango/Grading_dataset/Class_II/IMG_20210703_160959.jpg,mango,C,pakistani_mango_grading,train
data/raw/mango/Grading_dataset/Class_II/IMG_20210703_161002.jpg,mango,C,pakistani_mango_grading,train
data/raw/mango/Grading_dataset/Class_II/IMG_20210703_161007.jpg,mango,C,pakistani_mango_grading,train
data/raw/mango/Grading_dataset/Class_II/IMG_20210703_161024.jpg,mango,C,pakistani_mango_grading,train
data/raw/mango/Grading_dataset/Class_II/IMG_20210703_161027.jpg,mango,C,pakistani_mango_grading,train
data/raw/mango/Grading_dataset/Class_II/IMG_20210703_161035.jpg,mango,C,pakistani_mango_grading,train
data/raw/mango/Grading_dataset/Class_II/IMG_20210703_161045.jpg,mango,C,pakistani_mango_grading,train
data/raw/mango/Grading_dataset/Class_II/IMG_20210703_161049.jpg,mango,C,pakistani_mango_grading,train
data/raw/mango/Grading_dataset/Class_II/IMG_20210703_161054.jpg,mango,C,pakistani_mango_grading,train
data/raw/mango/Grading_dataset/Class_II/IMG_20210703_161058.jpg,mango,C,pakistani_mango_grading,train
data/raw/mango/Grading_dataset/Class_II/IMG_20210703_161101.jpg,mango,C,pakistani_mango_grading,train
data/raw/mango/Grading_dataset/Class_II/IMG_20210703_161112.jpg,mango,C,pakistani_mango_grading,train
data/raw/mango/Grading_dataset/Class_II/IMG_20210703_161116.jpg,mango,C,pakistani_mango_grading,train
data/raw/mango/Grading_dataset/Class_II/IMG_20210703_161129.jpg,mango,C,pakistani_mango_grading,train
data/raw/mango/Grading_dataset/Class_II/IMG_20210703_161134.jpg,mango,C,pakistani_mango_grading,train
data/raw/mango/Grading_dataset/Class_II/IMG_20210703_161141.jpg,mango,C,pakistani_mango_grading,train
data/raw/mango/Grading_dataset/Class_II/IMG_20210703_161202.jpg,mango,C,pakistani_mango_grading,train
data/raw/mango/Grading_dataset/Class_II/IMG_20210703_161210.jpg,mango,C,pakistani_mango_grading,train
data/raw/mango/Grading_dataset/Class_II/IMG_20210703_161215.jpg,mango,C,pakistani_mango_grading,train
data/raw/mango/Grading_dataset/Class_II/IMG_20210703_161219.jpg,mango,C,pakistani_mango_grading,train
data/raw/mango/Grading_dataset/Class_II/IMG_20210703_161222.jpg,mango,C,pakistani_mango_grading,train
data/raw/mango/Grading_dataset/Class_II/IMG_20210703_161226.jpg,mango,C,pakistani_mango_grading,train
data/raw/mango/Grading_dataset/Class_II/IMG_20210703_161243.jpg,mango,C,pakistani_mango_grading,train
data/raw/mango/Grading_dataset/Class_II/IMG_20210703_161303.jpg,mango,C,pakistani_mango_grading,train
data/raw/mango/Grading_dataset/Class_II/IMG_20210703_161306.jpg,mango,C,pakistani_mango_grading,train
data/raw/mango/Grading_dataset/Class_II/IMG_20210703_161310.jpg,mango,C,pakistani_mango_grading,train
data/raw/mango/Grading_dataset/Class_II/IMG_20210703_161316.jpg,mango,C,pakistani_mango_grading,train
data/raw/mango/Grading_dataset/Class_II/IMG_20210703_161322.jpg,mango,C,pakistani_mango_grading,train
data/raw/mango/Grading_dataset/Class_II/IMG_20210703_161328.jpg,mango,C,pakistani_mango_grading,train
data/raw/mango/Grading_dataset/Class_II/IMG_20210703_161343.jpg,mango,C,pakistani_mango_grading,train
data/raw/mango/Grading_dataset/Class_II/IMG_20210703_161350.jpg,mango,C,pakistani_mango_grading,train
data/raw/mango/Grading_dataset/Class_II/IMG_20210703_161406.jpg,mango,C,pakistani_mango_grading,train
data/raw/mango/Grading_dataset/Class_II/IMG_20210703_161414.jpg,mango,C,pakistani_mango_grading,train
data/raw/mango/Grading_dataset/Class_II/IMG_20210703_161429.jpg,mango,C,pakistani_mango_grading,train
data/raw/mango/Grading_dataset/Class_II/IMG_20210703_161441.jpg,mango,C,pakistani_mango_grading,train
data/raw/mango/Grading_dataset/Class_II/IMG_20210703_161448.jpg,mango,C,pakistani_mango_grading,train
data/raw/mango/Grading_dataset/Class_II/IMG_20210703_161501.jpg,mango,C,pakistani_mango_grading,train
data/raw/mango/Grading_dataset/Class_II/IMG_20210703_161507.jpg,mango,C,pakistani_mango_grading,train
data/raw/mango/Grading_dataset/Class_II/IMG_20210703_161511.jpg,mango,C,pakistani_mango_grading,train
data/raw/mango/Grading_dataset/Class_II/IMG_20210703_161523.jpg,mango,C,pakistani_mango_grading,train
data/raw/mango/Grading_dataset/Class_II/IMG_20210703_161532.jpg,mango,C,pakistani_mango_grading,train
data/raw/mango/Grading_dataset/Class_II/IMG_20210703_161540.jpg,mango,C,pakistani_mango_grading,train
data/raw/mango/Grading_dataset/Class_II/IMG_20210703_161550.jpg,mango,C,pakistani_mango_grading,train
data/raw/mango/Grading_dataset/Class_II/IMG_20210703_161554.jpg,mango,C,pakistani_mango_grading,train
data/raw/mango/Grading_dataset/Class_II/IMG_20210703_161607.jpg,mango,C,pakistani_mango_grading,train
data/raw/mango/Grading_dataset/Class_II/IMG_20210703_161629.jpg,mango,C,pakistani_mango_grading,train
data/raw/mango/Grading_dataset/Class_II/IMG_20210703_161639.jpg,mango,C,pakistani_mango_grading,train
data/raw/mango/Grading_dataset/Class_II/IMG_20210703_161647.jpg,mango,C,pakistani_mango_grading,train
data/raw/mango/Grading_dataset/Class_II/IMG_20210703_161701.jpg,mango,C,pakistani_mango_grading,train
data/raw/mango/Grading_dataset/Class_II/IMG_20210703_161709.jpg,mango,C,pakistani_mango_grading,train
data/raw/mango/Grading_dataset/Class_II/IMG_20210703_161717.jpg,mango,C,pakistani_mango_grading,train
data/raw/mango/Grading_dataset/Class_II/IMG_20210703_161721.jpg,mango,C,pakistani_mango_grading,train
data/raw/mango/Grading_dataset/Class_II/IMG_20210703_161725.jpg,mango,C,pakistani_mango_grading,train
data/raw/mango/Grading_dataset/Class_II/IMG_20210703_161728.jpg,mango,C,pakistani_mango_grading,train
data/raw/mango/Grading_dataset/Class_II/IMG_20210703_161732.jpg,mango,C,pakistani_mango_grading,train
data/raw/mango/Grading_dataset/Class_II/IMG_20210703_161743.jpg,mango,C,pakistani_mango_grading,train
data/raw/mango/Grading_dataset/Class_II/IMG_20210703_161747.jpg,mango,C,pakistani_mango_grading,train
data/raw/mango/Grading_dataset/Class_II/IMG_20210703_161755.jpg,mango,C,pakistani_mango_grading,train
data/raw/mango/Grading_dataset/Class_II/IMG_20210703_161758.jpg,mango,C,pakistani_mango_grading,train
data/raw/Rice/rice_quality/full/grain_1.jpg,rice,A,rice_quality_broken_full_mixed,train
data/raw/Rice/rice_quality/full/grain_10.jpg,rice,A,rice_quality_broken_full_mixed,train
data/raw/Rice/rice_quality/full/grain_1000.jpg,rice,A,rice_quality_broken_full_mixed,train
data/raw/Rice/rice_quality/full/grain_1001.jpg,rice,A,rice_quality_broken_full_mixed,train
data/raw/Rice/rice_quality/full/grain_1003.jpg,rice,A,rice_quality_broken_full_mixed,train
data/raw/Rice/rice_quality/full/grain_1004.jpg,rice,A,rice_quality_broken_full_mixed,train
data/raw/Rice/rice_quality/full/grain_1005.jpg,rice,A,rice_quality_broken_full_mixed,train
data/raw/Rice/rice_quality/full/grain_1006.jpg,rice,A,rice_quality_broken_full_mixed,train
data/raw/Rice/rice_quality/full/grain_1007.jpg,rice,A,rice_quality_broken_full_mixed,train
data/raw/Rice/rice_quality/full/grain_1008.jpg,rice,A,rice_quality_broken_full_mixed,train
data/raw/Rice/rice_quality/full/grain_1009.jpg,rice,A,rice_quality_broken_full_mixed,train
data/raw/Rice/rice_quality/full/grain_101.jpg,rice,A,rice_quality_broken_full_mixed,train
data/raw/Rice/rice_quality/full/grain_1010.jpg,rice,A,rice_quality_broken_full_mixed,train
data/raw/Rice/rice_quality/full/grain_1011.jpg,rice,A,rice_quality_broken_full_mixed,train
data/raw/Rice/rice_quality/full/grain_1012.jpg,rice,A,rice_quality_broken_full_mixed,train
data/raw/Rice/rice_quality/full/grain_1013.jpg,rice,A,rice_quality_broken_full_mixed,train
data/raw/Rice/rice_quality/full/grain_1014.jpg,rice,A,rice_quality_broken_full_mixed,train
data/raw/Rice/rice_quality/full/grain_1015.jpg,rice,A,rice_quality_broken_full_mixed,train
data/raw/Rice/rice_quality/full/grain_1017.jpg,rice,A,rice_quality_broken_full_mixed,train
data/raw/Rice/rice_quality/full/grain_1018.jpg,rice,A,rice_quality_broken_full_mixed,train
data/raw/Rice/rice_quality/full/grain_1019.jpg,rice,A,rice_quality_broken_full_mixed,train
data/raw/Rice/rice_quality/full/grain_1021.jpg,rice,A,rice_quality_broken_full_mixed,train
data/raw/Rice/rice_quality/full/grain_1022.jpg,rice,A,rice_quality_broken_full_mixed,train
data/raw/Rice/rice_quality/full/grain_1024.jpg,rice,A,rice_quality_broken_full_mixed,train
data/raw/Rice/rice_quality/full/grain_1025.jpg,rice,A,rice_quality_broken_full_mixed,train
data/raw/Rice/rice_quality/full/grain_1027.jpg,rice,A,rice_quality_broken_full_mixed,train
data/raw/Rice/rice_quality/full/grain_1028.jpg,rice,A,rice_quality_broken_full_mixed,train
data/raw/Rice/rice_quality/full/grain_1029.jpg,rice,A,rice_quality_broken_full_mixed,train
data/raw/Rice/rice_quality/full/grain_1030.jpg,rice,A,rice_quality_broken_full_mixed,train
data/raw/Rice/rice_quality/full/grain_1031.jpg,rice,A,rice_quality_broken_full_mixed,train
data/raw/Rice/rice_quality/full/grain_1032.jpg,rice,A,rice_quality_broken_full_mixed,train
data/raw/Rice/rice_quality/full/grain_1033.jpg,rice,A,rice_quality_broken_full_mixed,train
data/raw/Rice/rice_quality/full/grain_1034.jpg,rice,A,rice_quality_broken_full_mixed,train
data/raw/Rice/rice_quality/full/grain_1035.jpg,rice,A,rice_quality_broken_full_mixed,train
data/raw/Rice/rice_quality/full/grain_1037.jpg,rice,A,rice_quality_broken_full_mixed,train
data/raw/Rice/rice_quality/full/grain_1038.jpg,rice,A,rice_quality_broken_full_mixed,train
data/raw/Rice/rice_quality/full/grain_1039.jpg,rice,A,rice_quality_broken_full_mixed,train
data/raw/Rice/rice_quality/full/grain_104.jpg,rice,A,rice_quality_broken_full_mixed,train
data/raw/Rice/rice_quality/full/grain_1040.jpg,rice,A,rice_quality_broken_full_mixed,train
data/raw/Rice/rice_quality/full/grain_1041.jpg,rice,A,rice_quality_broken_full_mixed,train
data/raw/Rice/rice_quality/full/grain_1042.jpg,rice,A,rice_quality_broken_full_mixed,train
data/raw/Rice/rice_quality/full/grain_1043.jpg,rice,A,rice_quality_broken_full_mixed,train
data/raw/Rice/rice_quality/full/grain_1044.jpg,rice,A,rice_quality_broken_full_mixed,train
data/raw/Rice/rice_quality/full/grain_1046.jpg,rice,A,rice_quality_broken_full_mixed,train
data/raw/Rice/rice_quality/full/grain_1047.jpg,rice,A,rice_quality_broken_full_mixed,train
data/raw/Rice/rice_quality/full/grain_1048.jpg,rice,A,rice_quality_broken_full_mixed,train
data/raw/Rice/rice_quality/full/grain_1049.jpg,rice,A,rice_quality_broken_full_mixed,train
data/raw/Rice/rice_quality/full/grain_105.jpg,rice,A,rice_quality_broken_full_mixed,train
data/raw/Rice/rice_quality/full/grain_1052.jpg,rice,A,rice_quality_broken_full_mixed,train
data/raw/Rice/rice_quality/full/grain_1053.jpg,rice,A,rice_quality_broken_full_mixed,train
data/raw/Rice/rice_quality/full/grain_1054.jpg,rice,A,rice_quality_broken_full_mixed,train
data/raw/Rice/rice_quality/full/grain_1055.jpg,rice,A,rice_quality_broken_full_mixed,train
data/raw/Rice/rice_quality/full/grain_1056.jpg,rice,A,rice_quality_broken_full_mixed,train
data/raw/Rice/rice_quality/full/grain_1057.jpg,rice,A,rice_quality_broken_full_mixed,train
data/raw/Rice/rice_quality/full/grain_1059.jpg,rice,A,rice_quality_broken_full_mixed,train
data/raw/Rice/rice_quality/full/grain_106.jpg,rice,A,rice_quality_broken_full_mixed,train
data/raw/Rice/rice_quality/full/grain_1060.jpg,rice,A,rice_quality_broken_full_mixed,train
data/raw/Rice/rice_quality/full/grain_1061.jpg,rice,A,rice_quality_broken_full_mixed,train
data/raw/Rice/rice_quality/full/grain_1062.jpg,rice,A,rice_quality_broken_full_mixed,train
data/raw/Rice/rice_quality/full/grain_1063.jpg,rice,A,rice_quality_broken_full_mixed,train
data/raw/Rice/rice_quality/full/grain_1065.jpg,rice,A,rice_quality_broken_full_mixed,train
data/raw/Rice/rice_quality/full/grain_1067.jpg,rice,A,rice_quality_broken_full_mixed,train
data/raw/Rice/rice_quality/full/grain_1068.jpg,rice,A,rice_quality_broken_full_mixed,train
data/raw/Rice/rice_quality/full/grain_1069.jpg,rice,A,rice_quality_broken_full_mixed,train
data/raw/Rice/rice_quality/full/grain_1075.jpg,rice,A,rice_quality_broken_full_mixed,train
data/raw/Rice/rice_quality/full/grain_1076.jpg,rice,A,rice_quality_broken_full_mixed,train
data/raw/Rice/rice_quality/full/grain_1077.jpg,rice,A,rice_quality_broken_full_mixed,train
data/raw/Rice/rice_quality/full/grain_1078.jpg,rice,A,rice_quality_broken_full_mixed,train
data/raw/Rice/rice_quality/full/grain_108.jpg,rice,A,rice_quality_broken_full_mixed,train
data/raw/Rice/rice_quality/full/grain_1080.jpg,rice,A,rice_quality_broken_full_mixed,train
data/raw/Rice/rice_quality/full/grain_1081.jpg,rice,A,rice_quality_broken_full_mixed,train
data/raw/Rice/rice_quality/full/grain_1083.jpg,rice,A,rice_quality_broken_full_mixed,train
data/raw/Rice/rice_quality/full/grain_1084.jpg,rice,A,rice_quality_broken_full_mixed,train
data/raw/Rice/rice_quality/full/grain_1085.jpg,rice,A,rice_quality_broken_full_mixed,train
data/raw/Rice/rice_quality/full/grain_1086.jpg,rice,A,rice_quality_broken_full_mixed,train
data/raw/Rice/rice_quality/full/grain_1087.jpg,rice,A,rice_quality_broken_full_mixed,train
data/raw/Rice/rice_quality/full/grain_1088.jpg,rice,A,rice_quality_broken_full_mixed,train
data/raw/Rice/rice_quality/full/grain_1089.jpg,rice,A,rice_quality_broken_full_mixed,train
data/raw/Rice/rice_quality/full/grain_109.jpg,rice,A,rice_quality_broken_full_mixed,train
data/raw/Rice/rice_quality/full/grain_1090.jpg,rice,A,rice_quality_broken_full_mixed,train
data/raw/Rice/rice_quality/full/grain_1091.jpg,rice,A,rice_quality_broken_full_mixed,train
data/raw/Rice/rice_quality/full/grain_1092.jpg,rice,A,rice_quality_broken_full_mixed,train
data/raw/Rice/rice_quality/full/grain_1094.jpg,rice,A,rice_quality_broken_full_mixed,train
data/raw/Rice/rice_quality/full/grain_1095.jpg,rice,A,rice_quality_broken_full_mixed,train
data/raw/Rice/rice_quality/full/grain_1096.jpg,rice,A,rice_quality_broken_full_mixed,train
data/raw/Rice/rice_quality/full/grain_11.jpg,rice,A,rice_quality_broken_full_mixed,train
data/raw/Rice/rice_quality/full/grain_110.jpg,rice,A,rice_quality_broken_full_mixed,train
data/raw/Rice/rice_quality/full/grain_1100.jpg,rice,A,rice_quality_broken_full_mixed,train
data/raw/Rice/rice_quality/full/grain_1101.jpg,rice,A,rice_quality_broken_full_mixed,train
data/raw/Rice/rice_quality/full/grain_1102.jpg,rice,A,rice_quality_broken_full_mixed,train
data/raw/Rice/rice_quality/full/grain_1103.jpg,rice,A,rice_quality_broken_full_mixed,train
data/raw/Rice/rice_quality/full/grain_1105.jpg,rice,A,rice_quality_broken_full_mixed,train
data/raw/Rice/rice_quality/full/grain_1106.jpg,rice,A,rice_quality_broken_full_mixed,train
data/raw/Rice/rice_quality/full/grain_1107.jpg,rice,A,rice_quality_broken_full_mixed,train
data/raw/Rice/rice_quality/full/grain_111.jpg,rice,A,rice_quality_broken_full_mixed,train
data/raw/Rice/rice_quality/full/grain_1110.jpg,rice,A,rice_quality_broken_full_mixed,train
data/raw/Rice/rice_quality/full/grain_1111.jpg,rice,A,rice_quality_broken_full_mixed,train
data/raw/Rice/rice_quality/full/grain_1113.jpg,rice,A,rice_quality_broken_full_mixed,train
data/raw/Rice/rice_quality/full/grain_1114.jpg,rice,A,rice_quality_broken_full_mixed,train
data/raw/Rice/rice_quality/full/grain_1115.jpg,rice,A,rice_quality_broken_full_mixed,train
data/raw/Rice/rice_quality/full/grain_1116.jpg,rice,A,rice_quality_broken_full_mixed,train
data/raw/Rice/rice_quality/full/grain_1117.jpg,rice,A,rice_quality_broken_full_mixed,train
data/raw/Rice/rice_quality/full/grain_1119.jpg,rice,A,rice_quality_broken_full_mixed,train
data/raw/Rice/rice_quality/full/grain_112.jpg,rice,A,rice_quality_broken_full_mixed,train
data/raw/Rice/rice_quality/full/grain_1120.jpg,rice,A,rice_quality_broken_full_mixed,train
data/raw/Rice/rice_quality/full/grain_1121.jpg,rice,A,rice_quality_broken_full_mixed,train
data/raw/Rice/rice_quality/full/grain_1122.jpg,rice,A,rice_quality_broken_full_mixed,train
data/raw/Rice/rice_quality/full/grain_1123.jpg,rice,A,rice_quality_broken_full_mixed,train
data/raw/Rice/rice_quality/full/grain_1127.jpg,rice,A,rice_quality_broken_full_mixed,train
data/raw/Rice/rice_quality/full/grain_1128.jpg,rice,A,rice_quality_broken_full_mixed,train
data/raw/Rice/rice_quality/full/grain_1130.jpg,rice,A,rice_quality_broken_full_mixed,train
data/raw/Rice/rice_quality/full/grain_1131.jpg,rice,A,rice_quality_broken_full_mixed,train
data/raw/Rice/rice_quality/full/grain_1132.jpg,rice,A,rice_quality_broken_full_mixed,train
data/raw/Rice/rice_quality/full/grain_1133.jpg,rice,A,rice_quality_broken_full_mixed,train
data/raw/Rice/rice_quality/full/grain_1135.jpg,rice,A,rice_quality_broken_full_mixed,train
data/raw/Rice/rice_quality/full/grain_1137.jpg,rice,A,rice_quality_broken_full_mixed,train
data/raw/Rice/rice_quality/full/grain_1139.jpg,rice,A,rice_quality_broken_full_mixed,train
data/raw/Rice/rice_quality/full/grain_114.jpg,rice,A,rice_quality_broken_full_mixed,train
data/raw/Rice/rice_quality/full/grain_1140.jpg,rice,A,rice_quality_broken_full_mixed,train
data/raw/Rice/rice_quality/full/grain_1141.jpg,rice,A,rice_quality_broken_full_mixed,train
data/raw/Rice/rice_quality/full/grain_1142.jpg,rice,A,rice_quality_broken_full_mixed,train
data/raw/Rice/rice_quality/full/grain_1143.jpg,rice,A,rice_quality_broken_full_mixed,train
data/raw/Rice/rice_quality/full/grain_1144.jpg,rice,A,rice_quality_broken_full_mixed,train
data/raw/Rice/rice_quality/full/grain_1145.jpg,rice,A,rice_quality_broken_full_mixed,train
data/raw/Rice/rice_quality/full/grain_1147.jpg,rice,A,rice_quality_broken_full_mixed,train
data/raw/Rice/rice_quality/full/grain_1149.jpg,rice,A,rice_quality_broken_full_mixed,train
data/raw/Rice/rice_quality/full/grain_115.jpg,rice,A,rice_quality_broken_full_mixed,train
data/raw/Rice/rice_quality/full/grain_1150.jpg,rice,A,rice_quality_broken_full_mixed,train
data/raw/Rice/rice_quality/full/grain_1151.jpg,rice,A,rice_quality_broken_full_mixed,train
data/raw/Rice/rice_quality/full/grain_1152.jpg,rice,A,rice_quality_broken_full_mixed,train
data/raw/Rice/rice_quality/full/grain_1153.jpg,rice,A,rice_quality_broken_full_mixed,train
data/raw/Rice/rice_quality/full/grain_1154.jpg,rice,A,rice_quality_broken_full_mixed,train
data/raw/Rice/rice_quality/full/grain_1157.jpg,rice,A,rice_quality_broken_full_mixed,train
data/raw/Rice/rice_quality/full/grain_1159.jpg,rice,A,rice_quality_broken_full_mixed,train
data/raw/Rice/rice_quality/full/grain_116.jpg,rice,A,rice_quality_broken_full_mixed,train
data/raw/Rice/rice_quality/full/grain_1161.jpg,rice,A,rice_quality_broken_full_mixed,train
data/raw/Rice/rice_quality/full/grain_1162.jpg,rice,A,rice_quality_broken_full_mixed,train
data/raw/Rice/rice_quality/full/grain_1163.jpg,rice,A,rice_quality_broken_full_mixed,train
data/raw/Rice/rice_quality/full/grain_1164.jpg,rice,A,rice_quality_broken_full_mixed,train
data/raw/Rice/rice_quality/full/grain_1168.jpg,rice,A,rice_quality_broken_full_mixed,train
data/raw/Rice/rice_quality/full/grain_1169.jpg,rice,A,rice_quality_broken_full_mixed,train
data/raw/Rice/rice_quality/full/grain_1170.jpg,rice,A,rice_quality_broken_full_mixed,train
data/raw/Rice/rice_quality/full/grain_1171.jpg,rice,A,rice_quality_broken_full_mixed,train
data/raw/Rice/rice_quality/full/grain_1172.jpg,rice,A,rice_quality_broken_full_mixed,train
data/raw/Rice/rice_quality/full/grain_1173.jpg,rice,A,rice_quality_broken_full_mixed,train
data/raw/Rice/rice_quality/full/grain_1174.jpg,rice,A,rice_quality_broken_full_mixed,train
data/raw/Rice/rice_quality/full/grain_1175.jpg,rice,A,rice_quality_broken_full_mixed,train
data/raw/Rice/rice_quality/full/grain_1176.jpg,rice,A,rice_quality_broken_full_mixed,train
data/raw/Rice/rice_quality/full/grain_1177.jpg,rice,A,rice_quality_broken_full_mixed,train
data/raw/Rice/rice_quality/full/grain_1178.jpg,rice,A,rice_quality_broken_full_mixed,train
data/raw/Rice/rice_quality/full/grain_1179.jpg,rice,A,rice_quality_broken_full_mixed,train
data/raw/Rice/rice_quality/full/grain_1180.jpg,rice,A,rice_quality_broken_full_mixed,train
data/raw/Rice/rice_quality/full/grain_1184.jpg,rice,A,rice_quality_broken_full_mixed,train
data/raw/Rice/rice_quality/full/grain_1185.jpg,rice,A,rice_quality_broken_full_mixed,train
data/raw/Rice/rice_quality/full/grain_1187.jpg,rice,A,rice_quality_broken_full_mixed,train
data/raw/Rice/rice_quality/full/grain_1189.jpg,rice,A,rice_quality_broken_full_mixed,train
data/raw/Rice/rice_quality/full/grain_119.jpg,rice,A,rice_quality_broken_full_mixed,train
data/raw/Rice/rice_quality/full/grain_1192.jpg,rice,A,rice_quality_broken_full_mixed,train
data/raw/Rice/rice_quality/full/grain_1194.jpg,rice,A,rice_quality_broken_full_mixed,train
data/raw/Rice/rice_quality/full/grain_1195.jpg,rice,A,rice_quality_broken_full_mixed,train
data/raw/Rice/rice_quality/full/grain_1196.jpg,rice,A,rice_quality_broken_full_mixed,train
data/raw/Rice/rice_quality/full/grain_1197.jpg,rice,A,rice_quality_broken_full_mixed,train
data/raw/Rice/rice_quality/full/grain_1198.jpg,rice,A,rice_quality_broken_full_mixed,train
data/raw/Rice/rice_quality/full/grain_1199.jpg,rice,A,rice_quality_broken_full_mixed,train
data/raw/Rice/rice_quality/full/grain_12.jpg,rice,A,rice_quality_broken_full_mixed,train
data/raw/Rice/rice_quality/full/grain_120.jpg,rice,A,rice_quality_broken_full_mixed,train
data/raw/Rice/rice_quality/full/grain_1200.jpg,rice,A,rice_quality_broken_full_mixed,train
data/raw/Rice/rice_quality/full/grain_1201.jpg,rice,A,rice_quality_broken_full_mixed,train
data/raw/Rice/rice_quality/full/grain_1202.jpg,rice,A,rice_quality_broken_full_mixed,train
data/raw/Rice/rice_quality/full/grain_1203.jpg,rice,A,rice_quality_broken_full_mixed,train
data/raw/Rice/rice_quality/full/grain_1204.jpg,rice,A,rice_quality_broken_full_mixed,train
data/raw/Rice/rice_quality/full/grain_1205.jpg,rice,A,rice_quality_broken_full_mixed,train
data/raw/Rice/rice_quality/full/grain_1206.jpg,rice,A,rice_quality_broken_full_mixed,train
data/raw/Rice/rice_quality/full/grain_1209.jpg,rice,A,rice_quality_broken_full_mixed,train
data/raw/Rice/rice_quality/full/grain_1210.jpg,rice,A,rice_quality_broken_full_mixed,train
data/raw/Rice/rice_quality/full/grain_1212.jpg,rice,A,rice_quality_broken_full_mixed,train
data/raw/Rice/rice_quality/full/grain_1213.jpg,rice,A,rice_quality_broken_full_mixed,train
data/raw/Rice/rice_quality/full/grain_1215.jpg,rice,A,rice_quality_broken_full_mixed,train
data/raw/Rice/rice_quality/full/grain_1217.jpg,rice,A,rice_quality_broken_full_mixed,train
data/raw/Rice/rice_quality/full/grain_1219.jpg,rice,A,rice_quality_broken_full_mixed,train
data/raw/Rice/rice_quality/full/grain_122.jpg,rice,A,rice_quality_broken_full_mixed,train
data/raw/Rice/rice_quality/full/grain_1222.jpg,rice,A,rice_quality_broken_full_mixed,train
data/raw/Rice/rice_quality/full/grain_1223.jpg,rice,A,rice_quality_broken_full_mixed,train
data/raw/Rice/rice_quality/full/grain_1224.jpg,rice,A,rice_quality_broken_full_mixed,train
data/raw/Rice/rice_quality/full/grain_1225.jpg,rice,A,rice_quality_broken_full_mixed,train
data/raw/Rice/rice_quality/full/grain_1226.jpg,rice,A,rice_quality_broken_full_mixed,train
data/raw/Rice/rice_quality/full/grain_1229.jpg,rice,A,rice_quality_broken_full_mixed,train
data/raw/Rice/rice_quality/full/grain_123.jpg,rice,A,rice_quality_broken_full_mixed,train
data/raw/Rice/rice_quality/full/grain_1232.jpg,rice,A,rice_quality_broken_full_mixed,train
data/raw/Rice/rice_quality/full/grain_1233.jpg,rice,A,rice_quality_broken_full_mixed,train
data/raw/Rice/rice_quality/full/grain_1234.jpg,rice,A,rice_quality_broken_full_mixed,train
data/raw/Rice/rice_quality/full/grain_1236.jpg,rice,A,rice_quality_broken_full_mixed,train
data/raw/Rice/rice_quality/full/grain_1237.jpg,rice,A,rice_quality_broken_full_mixed,train
data/raw/Rice/rice_quality/full/grain_1238.jpg,rice,A,rice_quality_broken_full_mixed,train
data/raw/Rice/rice_quality/full/grain_1239.jpg,rice,A,rice_quality_broken_full_mixed,train
data/raw/Rice/rice_quality/full/grain_1240.jpg,rice,A,rice_quality_broken_full_mixed,train
data/raw/Rice/rice_quality/full/grain_1241.jpg,rice,A,rice_quality_broken_full_mixed,train
data/raw/Rice/rice_quality/full/grain_1242.jpg,rice,A,rice_quality_broken_full_mixed,train
data/raw/Rice/rice_quality/full/grain_1243.jpg,rice,A,rice_quality_broken_full_mixed,train
data/raw/Rice/rice_quality/full/grain_1244.jpg,rice,A,rice_quality_broken_full_mixed,train
data/raw/Rice/rice_quality/full/grain_1245.jpg,rice,A,rice_quality_broken_full_mixed,train
data/raw/Rice/rice_quality/full/grain_1246.jpg,rice,A,rice_quality_broken_full_mixed,train
data/raw/Rice/rice_quality/full/grain_1247.jpg,rice,A,rice_quality_broken_full_mixed,train
data/raw/Rice/rice_quality/full/grain_1248.jpg,rice,A,rice_quality_broken_full_mixed,train
data/raw/Rice/rice_quality/full/grain_1249.jpg,rice,A,rice_quality_broken_full_mixed,train
data/raw/Rice/rice_quality/full/grain_1250.jpg,rice,A,rice_quality_broken_full_mixed,train
data/raw/Rice/rice_quality/full/grain_1252.jpg,rice,A,rice_quality_broken_full_mixed,train
data/raw/Rice/rice_quality/full/grain_1253.jpg,rice,A,rice_quality_broken_full_mixed,train
data/raw/Rice/rice_quality/full/grain_1254.jpg,rice,A,rice_quality_broken_full_mixed,train
data/raw/Rice/rice_quality/full/grain_1255.jpg,rice,A,rice_quality_broken_full_mixed,train
data/raw/Rice/rice_quality/full/grain_1256.jpg,rice,A,rice_quality_broken_full_mixed,train
data/raw/Rice/rice_quality/full/grain_1257.jpg,rice,A,rice_quality_broken_full_mixed,train
data/raw/Rice/rice_quality/full/grain_1258.jpg,rice,A,rice_quality_broken_full_mixed,train
data/raw/Rice/rice_quality/full/grain_1259.jpg,rice,A,rice_quality_broken_full_mixed,train
data/raw/Rice/rice_quality/full/grain_126.jpg,rice,A,rice_quality_broken_full_mixed,train
data/raw/Rice/rice_quality/full/grain_1261.jpg,rice,A,rice_quality_broken_full_mixed,train
data/raw/Rice/rice_quality/full/grain_1262.jpg,rice,A,rice_quality_broken_full_mixed,train
data/raw/Rice/rice_quality/full/grain_1263.jpg,rice,A,rice_quality_broken_full_mixed,train
data/raw/Rice/rice_quality/full/grain_1266.jpg,rice,A,rice_quality_broken_full_mixed,train
data/raw/Rice/rice_quality/full/grain_1267.jpg,rice,A,rice_quality_broken_full_mixed,train
data/raw/Rice/rice_quality/full/grain_1268.jpg,rice,A,rice_quality_broken_full_mixed,train
data/raw/Rice/rice_quality/full/grain_1269.jpg,rice,A,rice_quality_broken_full_mixed,train
data/raw/Rice/rice_quality/full/grain_127.jpg,rice,A,rice_quality_broken_full_mixed,train
data/raw/Rice/rice_quality/full/grain_1270.jpg,rice,A,rice_quality_broken_full_mixed,train
data/raw/Rice/rice_quality/full/grain_1271.jpg,rice,A,rice_quality_broken_full_mixed,train
data/raw/Rice/rice_quality/full/grain_1274.jpg,rice,A,rice_quality_broken_full_mixed,train
data/raw/Rice/rice_quality/full/grain_1275.jpg,rice,A,rice_quality_broken_full_mixed,train
data/raw/Rice/rice_quality/full/grain_1276.jpg,rice,A,rice_quality_broken_full_mixed,train
data/raw/Rice/rice_quality/full/grain_1277.jpg,rice,A,rice_quality_broken_full_mixed,train
data/raw/Rice/rice_quality/full/grain_128.jpg,rice,A,rice_quality_broken_full_mixed,train
data/raw/Rice/rice_quality/full/grain_1281.jpg,rice,A,rice_quality_broken_full_mixed,train
data/raw/Rice/rice_quality/full/grain_1285.jpg,rice,A,rice_quality_broken_full_mixed,train
data/raw/Rice/rice_quality/full/grain_1286.jpg,rice,A,rice_quality_broken_full_mixed,train
data/raw/Rice/rice_quality/full/grain_1289.jpg,rice,A,rice_quality_broken_full_mixed,train
data/raw/Rice/rice_quality/full/grain_129.jpg,rice,A,rice_quality_broken_full_mixed,train
data/raw/Rice/rice_quality/full/grain_1291.jpg,rice,A,rice_quality_broken_full_mixed,train
data/raw/Rice/rice_quality/full/grain_1292.jpg,rice,A,rice_quality_broken_full_mixed,train
data/raw/Rice/rice_quality/full/grain_1293.jpg,rice,A,rice_quality_broken_full_mixed,train
data/raw/Rice/rice_quality/full/grain_1294.jpg,rice,A,rice_quality_broken_full_mixed,train
data/raw/Rice/rice_quality/full/grain_1297.jpg,rice,A,rice_quality_broken_full_mixed,train
data/raw/Rice/rice_quality/full/grain_1298.jpg,rice,A,rice_quality_broken_full_mixed,train
data/raw/Rice/rice_quality/full/grain_1299.jpg,rice,A,rice_quality_broken_full_mixed,train
data/raw/Rice/rice_quality/full/grain_13.jpg,rice,A,rice_quality_broken_full_mixed,train
data/raw/Rice/rice_quality/full/grain_1300.jpg,rice,A,rice_quality_broken_full_mixed,train
data/raw/Rice/rice_quality/full/grain_1301.jpg,rice,A,rice_quality_broken_full_mixed,train
data/raw/Rice/rice_quality/full/grain_1302.jpg,rice,A,rice_quality_broken_full_mixed,train
data/raw/Rice/rice_quality/full/grain_1305.jpg,rice,A,rice_quality_broken_full_mixed,train
data/raw/Rice/rice_quality/full/grain_1306.jpg,rice,A,rice_quality_broken_full_mixed,train
data/raw/Rice/rice_quality/full/grain_1308.jpg,rice,A,rice_quality_broken_full_mixed,train
data/raw/Rice/rice_quality/full/grain_1309.jpg,rice,A,rice_quality_broken_full_mixed,train
data/raw/Rice/rice_quality/full/grain_131.jpg,rice,A,rice_quality_broken_full_mixed,train
data/raw/Rice/rice_quality/full/grain_1310.jpg,rice,A,rice_quality_broken_full_mixed,train
data/raw/Rice/rice_quality/full/grain_1311.jpg,rice,A,rice_quality_broken_full_mixed,train
data/raw/Rice/rice_quality/full/grain_1312.jpg,rice,A,rice_quality_broken_full_mixed,train
data/raw/Rice/rice_quality/full/grain_1313.jpg,rice,A,rice_quality_broken_full_mixed,train
data/raw/Rice/rice_quality/full/grain_1314.jpg,rice,A,rice_quality_broken_full_mixed,train
data/raw/Rice/rice_quality/full/grain_1315.jpg,rice,A,rice_quality_broken_full_mixed,train
data/raw/Rice/rice_quality/full/grain_1316.jpg,rice,A,rice_quality_broken_full_mixed,train
data/raw/Rice/rice_quality/full/grain_1317.jpg,rice,A,rice_quality_broken_full_mixed,train
data/raw/Rice/rice_quality/full/grain_1319.jpg,rice,A,rice_quality_broken_full_mixed,train
data/raw/Rice/rice_quality/full/grain_132.jpg,rice,A,rice_quality_broken_full_mixed,train
data/raw/Rice/rice_quality/full/grain_1321.jpg,rice,A,rice_quality_broken_full_mixed,train
data/raw/Rice/rice_quality/full/grain_1323.jpg,rice,A,rice_quality_broken_full_mixed,train
data/raw/Rice/rice_quality/full/grain_1324.jpg,rice,A,rice_quality_broken_full_mixed,train
data/raw/Rice/rice_quality/full/grain_1325.jpg,rice,A,rice_quality_broken_full_mixed,train
data/raw/Rice/rice_quality/full/grain_1326.jpg,rice,A,rice_quality_broken_full_mixed,train
data/raw/Rice/rice_quality/full/grain_1327.jpg,rice,A,rice_quality_broken_full_mixed,train
data/raw/Rice/rice_quality/full/grain_1328.jpg,rice,A,rice_quality_broken_full_mixed,train
data/raw/Rice/rice_quality/full/grain_133.jpg,rice,A,rice_quality_broken_full_mixed,train
data/raw/Rice/rice_quality/full/grain_1330.jpg,rice,A,rice_quality_broken_full_mixed,train
data/raw/Rice/rice_quality/full/grain_1331.jpg,rice,A,rice_quality_broken_full_mixed,train
data/raw/Rice/rice_quality/full/grain_1334.jpg,rice,A,rice_quality_broken_full_mixed,train
data/raw/Rice/rice_quality/full/grain_1335.jpg,rice,A,rice_quality_broken_full_mixed,train
data/raw/Rice/rice_quality/full/grain_1336.jpg,rice,A,rice_quality_broken_full_mixed,train
data/raw/Rice/rice_quality/full/grain_1337.jpg,rice,A,rice_quality_broken_full_mixed,train
data/raw/Rice/rice_quality/full/grain_1339.jpg,rice,A,rice_quality_broken_full_mixed,train
data/raw/Rice/rice_quality/full/grain_1340.jpg,rice,A,rice_quality_broken_full_mixed,train
data/raw/Rice/rice_quality/full/grain_1341.jpg,rice,A,rice_quality_broken_full_mixed,train
data/raw/Rice/rice_quality/full/grain_1342.jpg,rice,A,rice_quality_broken_full_mixed,train
data/raw/Rice/rice_quality/full/grain_1343.jpg,rice,A,rice_quality_broken_full_mixed,train
data/raw/Rice/rice_quality/full/grain_1345.jpg,rice,A,rice_quality_broken_full_mixed,train
data/raw/Rice/rice_quality/full/grain_1347.jpg,rice,A,rice_quality_broken_full_mixed,train
data/raw/Rice/rice_quality/full/grain_1348.jpg,rice,A,rice_quality_broken_full_mixed,train
data/raw/Rice/rice_quality/full/grain_1349.jpg,rice,A,rice_quality_broken_full_mixed,train
data/raw/Rice/rice_quality/full/grain_1352.jpg,rice,A,rice_quality_broken_full_mixed,train
data/raw/Rice/rice_quality/full/grain_1354.jpg,rice,A,rice_quality_broken_full_mixed,train
data/raw/Rice/rice_quality/full/grain_1355.jpg,rice,A,rice_quality_broken_full_mixed,train
data/raw/Rice/rice_quality/full/grain_1357.jpg,rice,A,rice_quality_broken_full_mixed,train
data/raw/Rice/rice_quality/full/grain_1358.jpg,rice,A,rice_quality_broken_full_mixed,train
data/raw/Rice/rice_quality/full/grain_1359.jpg,rice,A,rice_quality_broken_full_mixed,train
data/raw/Rice/rice_quality/full/grain_136.jpg,rice,A,rice_quality_broken_full_mixed,train
data/raw/Rice/rice_quality/full/grain_1360.jpg,rice,A,rice_quality_broken_full_mixed,train
data/raw/Rice/rice_quality/full/grain_1361.jpg,rice,A,rice_quality_broken_full_mixed,train
data/raw/Rice/rice_quality/full/grain_1362.jpg,rice,A,rice_quality_broken_full_mixed,train
data/raw/Rice/rice_quality/full/grain_1364.jpg,rice,A,rice_quality_broken_full_mixed,train
data/raw/Rice/rice_quality/full/grain_1365.jpg,rice,A,rice_quality_broken_full_mixed,train
data/raw/Rice/rice_quality/full/grain_1366.jpg,rice,A,rice_quality_broken_full_mixed,train
data/raw/Rice/rice_quality/full/grain_1367.jpg,rice,A,rice_quality_broken_full_mixed,train
data/raw/Rice/rice_quality/full/grain_1368.jpg,rice,A,rice_quality_broken_full_mixed,train
data/raw/Rice/rice_quality/full/grain_1369.jpg,rice,A,rice_quality_broken_full_mixed,train
data/raw/Rice/rice_quality/full/grain_137.jpg,rice,A,rice_quality_broken_full_mixed,train
data/raw/Rice/rice_quality/full/grain_1370.jpg,rice,A,rice_quality_broken_full_mixed,train
data/raw/Rice/rice_quality/full/grain_1371.jpg,rice,A,rice_quality_broken_full_mixed,train
data/raw/Rice/rice_quality/full/grain_1372.jpg,rice,A,rice_quality_broken_full_mixed,train
data/raw/Rice/rice_quality/full/grain_1374.jpg,rice,A,rice_quality_broken_full_mixed,train
data/raw/Rice/rice_quality/full/grain_1375.jpg,rice,A,rice_quality_broken_full_mixed,train
data/raw/Rice/rice_quality/full/grain_1376.jpg,rice,A,rice_quality_broken_full_mixed,train
data/raw/Rice/rice_quality/full/grain_1377.jpg,rice,A,rice_quality_broken_full_mixed,train
data/raw/Rice/rice_quality/full/grain_1378.jpg,rice,A,rice_quality_broken_full_mixed,train
data/raw/Rice/rice_quality/full/grain_1379.jpg,rice,A,rice_quality_broken_full_mixed,train
data/raw/Rice/rice_quality/full/grain_138.jpg,rice,A,rice_quality_broken_full_mixed,train
data/raw/Rice/rice_quality/full/grain_1380.jpg,rice,A,rice_quality_broken_full_mixed,train
data/raw/Rice/rice_quality/full/grain_1382.jpg,rice,A,rice_quality_broken_full_mixed,train
data/raw/Rice/rice_quality/full/grain_1383.jpg,rice,A,rice_quality_broken_full_mixed,train
data/raw/Rice/rice_quality/full/grain_1384.jpg,rice,A,rice_quality_broken_full_mixed,train
data/raw/Rice/rice_quality/full/grain_1385.jpg,rice,A,rice_quality_broken_full_mixed,train
data/raw/Rice/rice_quality/full/grain_1386.jpg,rice,A,rice_quality_broken_full_mixed,train
data/raw/Rice/rice_quality/full/grain_1387.jpg,rice,A,rice_quality_broken_full_mixed,train
data/raw/Rice/rice_quality/full/grain_1389.jpg,rice,A,rice_quality_broken_full_mixed,train
data/raw/Rice/rice_quality/full/grain_1390.jpg,rice,A,rice_quality_broken_full_mixed,train
data/raw/Rice/rice_quality/full/grain_1391.jpg,rice,A,rice_quality_broken_full_mixed,train
data/raw/Rice/rice_quality/full/grain_1392.jpg,rice,A,rice_quality_broken_full_mixed,train
data/raw/Rice/rice_quality/full/grain_1393.jpg,rice,A,rice_quality_broken_full_mixed,train
data/raw/Rice/rice_quality/full/grain_1394.jpg,rice,A,rice_quality_broken_full_mixed,train
data/raw/Rice/rice_quality/full/grain_1395.jpg,rice,A,rice_quality_broken_full_mixed,train
data/raw/Rice/rice_quality/full/grain_1396.jpg,rice,A,rice_quality_broken_full_mixed,train
data/raw/Rice/rice_quality/full/grain_1399.jpg,rice,A,rice_quality_broken_full_mixed,train
data/raw/Rice/rice_quality/full/grain_14.jpg,rice,A,rice_quality_broken_full_mixed,train
data/raw/Rice/rice_quality/full/grain_140.jpg,rice,A,rice_quality_broken_full_mixed,train
data/raw/Rice/rice_quality/full/grain_1400.jpg,rice,A,rice_quality_broken_full_mixed,train
data/raw/Rice/rice_quality/full/grain_1401.jpg,rice,A,rice_quality_broken_full_mixed,train
data/raw/Rice/rice_quality/full/grain_1402.jpg,rice,A,rice_quality_broken_full_mixed,train
data/raw/Rice/rice_quality/full/grain_1403.jpg,rice,A,rice_quality_broken_full_mixed,train
data/raw/Rice/rice_quality/full/grain_1404.jpg,rice,A,rice_quality_broken_full_mixed,train
data/raw/Rice/rice_quality/full/grain_1405.jpg,rice,A,rice_quality_broken_full_mixed,train
data/raw/Rice/rice_quality/full/grain_1407.jpg,rice,A,rice_quality_broken_full_mixed,train
data/raw/Rice/rice_quality/full/grain_1408.jpg,rice,A,rice_quality_broken_full_mixed,train
data/raw/Rice/rice_quality/full/grain_1409.jpg,rice,A,rice_quality_broken_full_mixed,train
data/raw/Rice/rice_quality/full/grain_141.jpg,rice,A,rice_quality_broken_full_mixed,train
data/raw/Rice/rice_quality/full/grain_1410.jpg,rice,A,rice_quality_broken_full_mixed,train
data/raw/Rice/rice_quality/full/grain_1411.jpg,rice,A,rice_quality_broken_full_mixed,train
data/raw/Rice/rice_quality/full/grain_1413.jpg,rice,A,rice_quality_broken_full_mixed,train
data/raw/Rice/rice_quality/full/grain_1415.jpg,rice,A,rice_quality_broken_full_mixed,train
data/raw/Rice/rice_quality/full/grain_1416.jpg,rice,A,rice_quality_broken_full_mixed,train
data/raw/Rice/rice_quality/full/grain_1418.jpg,rice,A,rice_quality_broken_full_mixed,train
data/raw/Rice/rice_quality/full/grain_1419.jpg,rice,A,rice_quality_broken_full_mixed,train
data/raw/Rice/rice_quality/full/grain_1421.jpg,rice,A,rice_quality_broken_full_mixed,train
data/raw/Rice/rice_quality/full/grain_1422.jpg,rice,A,rice_quality_broken_full_mixed,train
data/raw/Rice/rice_quality/full/grain_1424.jpg,rice,A,rice_quality_broken_full_mixed,train
data/raw/Rice/rice_quality/full/grain_1426.jpg,rice,A,rice_quality_broken_full_mixed,train
data/raw/Rice/rice_quality/full/grain_1427.jpg,rice,A,rice_quality_broken_full_mixed,train
data/raw/Rice/rice_quality/full/grain_1428.jpg,rice,A,rice_quality_broken_full_mixed,train
data/raw/Rice/rice_quality/full/grain_143.jpg,rice,A,rice_quality_broken_full_mixed,train
data/raw/Rice/rice_quality/full/grain_1431.jpg,rice,A,rice_quality_broken_full_mixed,train
data/raw/Rice/rice_quality/full/grain_1432.jpg,rice,A,rice_quality_broken_full_mixed,train
data/raw/Rice/rice_quality/full/grain_1433.jpg,rice,A,rice_quality_broken_full_mixed,train
data/raw/Rice/rice_quality/full/grain_1434.jpg,rice,A,rice_quality_broken_full_mixed,train
data/raw/Rice/rice_quality/full/grain_1435.jpg,rice,A,rice_quality_broken_full_mixed,train
data/raw/Rice/rice_quality/full/grain_1436.jpg,rice,A,rice_quality_broken_full_mixed,train
data/raw/Rice/rice_quality/full/grain_1437.jpg,rice,A,rice_quality_broken_full_mixed,train
data/raw/Rice/rice_quality/full/grain_1438.jpg,rice,A,rice_quality_broken_full_mixed,train
data/raw/Rice/rice_quality/full/grain_1442.jpg,rice,A,rice_quality_broken_full_mixed,train
data/raw/Rice/rice_quality/full/grain_1444.jpg,rice,A,rice_quality_broken_full_mixed,train
data/raw/Rice/rice_quality/full/grain_1445.jpg,rice,A,rice_quality_broken_full_mixed,train
data/raw/Rice/rice_quality/full/grain_1449.jpg,rice,A,rice_quality_broken_full_mixed,train
data/raw/Rice/rice_quality/full/grain_145.jpg,rice,A,rice_quality_broken_full_mixed,train
data/raw/Rice/rice_quality/full/grain_1451.jpg,rice,A,rice_quality_broken_full_mixed,train
data/raw/Rice/rice_quality/full/grain_1452.jpg,rice,A,rice_quality_broken_full_mixed,train
data/raw/Rice/rice_quality/full/grain_1453.jpg,rice,A,rice_quality_broken_full_mixed,train
data/raw/Rice/rice_quality/full/grain_1454.jpg,rice,A,rice_quality_broken_full_mixed,train
data/raw/Rice/rice_quality/full/grain_1455.jpg,rice,A,rice_quality_broken_full_mixed,train
data/raw/Rice/rice_quality/full/grain_1457.jpg,rice,A,rice_quality_broken_full_mixed,train
data/raw/Rice/rice_quality/full/grain_1458.jpg,rice,A,rice_quality_broken_full_mixed,train
data/raw/Rice/rice_quality/full/grain_1459.jpg,rice,A,rice_quality_broken_full_mixed,train
data/raw/Rice/rice_quality/full/grain_1460.jpg,rice,A,rice_quality_broken_full_mixed,train
data/raw/Rice/rice_quality/full/grain_1462.jpg,rice,A,rice_quality_broken_full_mixed,train
data/raw/Rice/rice_quality/full/grain_1465.jpg,rice,A,rice_quality_broken_full_mixed,train
data/raw/Rice/rice_quality/full/grain_1466.jpg,rice,A,rice_quality_broken_full_mixed,train
data/raw/Rice/rice_quality/full/grain_1467.jpg,rice,A,rice_quality_broken_full_mixed,train
data/raw/Rice/rice_quality/full/grain_1468.jpg,rice,A,rice_quality_broken_full_mixed,train
data/raw/Rice/rice_quality/full/grain_147.jpg,rice,A,rice_quality_broken_full_mixed,train
data/raw/Rice/rice_quality/full/grain_1470.jpg,rice,A,rice_quality_broken_full_mixed,train
data/raw/Rice/rice_quality/full/grain_1471.jpg,rice,A,rice_quality_broken_full_mixed,train
data/raw/Rice/rice_quality/full/grain_1472.jpg,rice,A,rice_quality_broken_full_mixed,train
data/raw/Rice/rice_quality/full/grain_1473.jpg,rice,A,rice_quality_broken_full_mixed,train
data/raw/Rice/rice_quality/full/grain_1474.jpg,rice,A,rice_quality_broken_full_mixed,train
data/raw/Rice/rice_quality/full/grain_1476.jpg,rice,A,rice_quality_broken_full_mixed,train
data/raw/Rice/rice_quality/full/grain_1477.jpg,rice,A,rice_quality_broken_full_mixed,train
data/raw/Rice/rice_quality/full/grain_1478.jpg,rice,A,rice_quality_broken_full_mixed,train
data/raw/Rice/rice_quality/full/grain_1479.jpg,rice,A,rice_quality_broken_full_mixed,train
data/raw/Rice/rice_quality/full/grain_148.jpg,rice,A,rice_quality_broken_full_mixed,train
data/raw/Rice/rice_quality/full/grain_1480.jpg,rice,A,rice_quality_broken_full_mixed,train
data/raw/Rice/rice_quality/full/grain_1481.jpg,rice,A,rice_quality_broken_full_mixed,train
data/raw/Rice/rice_quality/full/grain_1482.jpg,rice,A,rice_quality_broken_full_mixed,train
data/raw/Rice/rice_quality/full/grain_1483.jpg,rice,A,rice_quality_broken_full_mixed,train
data/raw/Rice/rice_quality/full/grain_1484.jpg,rice,A,rice_quality_broken_full_mixed,train
data/raw/Rice/rice_quality/full/grain_1485.jpg,rice,A,rice_quality_broken_full_mixed,train
data/raw/Rice/rice_quality/full/grain_1488.jpg,rice,A,rice_quality_broken_full_mixed,train
data/raw/Rice/rice_quality/full/grain_149.jpg,rice,A,rice_quality_broken_full_mixed,train
data/raw/Rice/rice_quality/full/grain_1492.jpg,rice,A,rice_quality_broken_full_mixed,train
data/raw/Rice/rice_quality/full/grain_1494.jpg,rice,A,rice_quality_broken_full_mixed,train
data/raw/Rice/rice_quality/full/grain_1496.jpg,rice,A,rice_quality_broken_full_mixed,train
data/raw/Rice/rice_quality/full/grain_15.jpg,rice,A,rice_quality_broken_full_mixed,train
data/raw/Rice/rice_quality/full/grain_1500.jpg,rice,A,rice_quality_broken_full_mixed,train
data/raw/Rice/rice_quality/full/grain_1502.jpg,rice,A,rice_quality_broken_full_mixed,train
data/raw/Rice/rice_quality/full/grain_1504.jpg,rice,A,rice_quality_broken_full_mixed,train
data/raw/Rice/rice_quality/full/grain_1505.jpg,rice,A,rice_quality_broken_full_mixed,train
data/raw/Rice/rice_quality/full/grain_1506.jpg,rice,A,rice_quality_broken_full_mixed,train
data/raw/Rice/rice_quality/full/grain_1509.jpg,rice,A,rice_quality_broken_full_mixed,train
data/raw/Rice/rice_quality/full/grain_151.jpg,rice,A,rice_quality_broken_full_mixed,train
data/raw/Rice/rice_quality/full/grain_1511.jpg,rice,A,rice_quality_broken_full_mixed,train
data/raw/Rice/rice_quality/full/grain_1514.jpg,rice,A,rice_quality_broken_full_mixed,train
data/raw/Rice/rice_quality/full/grain_1515.jpg,rice,A,rice_quality_broken_full_mixed,train
data/raw/Rice/rice_quality/full/grain_1516.jpg,rice,A,rice_quality_broken_full_mixed,train
data/raw/Rice/rice_quality/full/grain_1517.jpg,rice,A,rice_quality_broken_full_mixed,train
data/raw/Rice/rice_quality/full/grain_1518.jpg,rice,A,rice_quality_broken_full_mixed,train
data/raw/Rice/rice_quality/full/grain_1519.jpg,rice,A,rice_quality_broken_full_mixed,train
data/raw/Rice/rice_quality/full/grain_1520.jpg,rice,A,rice_quality_broken_full_mixed,train
data/raw/Rice/rice_quality/full/grain_1521.jpg,rice,A,rice_quality_broken_full_mixed,train
data/raw/Rice/rice_quality/full/grain_1523.jpg,rice,A,rice_quality_broken_full_mixed,train
data/raw/Rice/rice_quality/full/grain_1524.jpg,rice,A,rice_quality_broken_full_mixed,train
data/raw/Rice/rice_quality/full/grain_1525.jpg,rice,A,rice_quality_broken_full_mixed,train
data/raw/Rice/rice_quality/full/grain_1526.jpg,rice,A,rice_quality_broken_full_mixed,train
data/raw/Rice/rice_quality/full/grain_1527.jpg,rice,A,rice_quality_broken_full_mixed,train
data/raw/Rice/rice_quality/full/grain_1531.jpg,rice,A,rice_quality_broken_full_mixed,train
data/raw/Rice/rice_quality/full/grain_1532.jpg,rice,A,rice_quality_broken_full_mixed,train
data/raw/Rice/rice_quality/full/grain_1533.jpg,rice,A,rice_quality_broken_full_mixed,train
data/raw/Rice/rice_quality/full/grain_1534.jpg,rice,A,rice_quality_broken_full_mixed,train
data/raw/Rice/rice_quality/full/grain_1538.jpg,rice,A,rice_quality_broken_full_mixed,train
data/raw/Rice/rice_quality/full/grain_1539.jpg,rice,A,rice_quality_broken_full_mixed,train
data/raw/Rice/rice_quality/full/grain_154.jpg,rice,A,rice_quality_broken_full_mixed,train
data/raw/Rice/rice_quality/full/grain_1541.jpg,rice,A,rice_quality_broken_full_mixed,train
data/raw/Rice/rice_quality/full/grain_1542.jpg,rice,A,rice_quality_broken_full_mixed,train
data/raw/Rice/rice_quality/full/grain_1543.jpg,rice,A,rice_quality_broken_full_mixed,train
data/raw/Rice/rice_quality/full/grain_1545.jpg,rice,A,rice_quality_broken_full_mixed,train
data/raw/Rice/rice_quality/full/grain_1547.jpg,rice,A,rice_quality_broken_full_mixed,train
data/raw/Rice/rice_quality/full/grain_1548.jpg,rice,A,rice_quality_broken_full_mixed,train
data/raw/Rice/rice_quality/full/grain_155.jpg,rice,A,rice_quality_broken_full_mixed,train
data/raw/Rice/rice_quality/full/grain_1550.jpg,rice,A,rice_quality_broken_full_mixed,train
data/raw/Rice/rice_quality/full/grain_1551.jpg,rice,A,rice_quality_broken_full_mixed,train
data/raw/Rice/rice_quality/full/grain_1552.jpg,rice,A,rice_quality_broken_full_mixed,train
data/raw/Rice/rice_quality/full/grain_1553.jpg,rice,A,rice_quality_broken_full_mixed,train
data/raw/Rice/rice_quality/full/grain_1555.jpg,rice,A,rice_quality_broken_full_mixed,train
data/raw/Rice/rice_quality/full/grain_1557.jpg,rice,A,rice_quality_broken_full_mixed,train
data/raw/Rice/rice_quality/full/grain_1558.jpg,rice,A,rice_quality_broken_full_mixed,train
data/raw/Rice/rice_quality/full/grain_156.jpg,rice,A,rice_quality_broken_full_mixed,train
data/raw/Rice/rice_quality/full/grain_1562.jpg,rice,A,rice_quality_broken_full_mixed,train
data/raw/Rice/rice_quality/full/grain_1564.jpg,rice,A,rice_quality_broken_full_mixed,train
data/raw/Rice/rice_quality/full/grain_1566.jpg,rice,A,rice_quality_broken_full_mixed,train
data/raw/Rice/rice_quality/full/grain_1567.jpg,rice,A,rice_quality_broken_full_mixed,train
data/raw/Rice/rice_quality/full/grain_1568.jpg,rice,A,rice_quality_broken_full_mixed,train
data/raw/Rice/rice_quality/full/grain_1569.jpg,rice,A,rice_quality_broken_full_mixed,train
data/raw/Rice/rice_quality/full/grain_157.jpg,rice,A,rice_quality_broken_full_mixed,train
data/raw/Rice/rice_quality/full/grain_1570.jpg,rice,A,rice_quality_broken_full_mixed,train
data/raw/Rice/rice_quality/full/grain_1572.jpg,rice,A,rice_quality_broken_full_mixed,train
data/raw/Rice/rice_quality/full/grain_1573.jpg,rice,A,rice_quality_broken_full_mixed,train
data/raw/Rice/rice_quality/full/grain_1574.jpg,rice,A,rice_quality_broken_full_mixed,train
data/raw/Rice/rice_quality/full/grain_1575.jpg,rice,A,rice_quality_broken_full_mixed,train
data/raw/Rice/rice_quality/full/grain_1576.jpg,rice,A,rice_quality_broken_full_mixed,train
data/raw/Rice/rice_quality/full/grain_1577.jpg,rice,A,rice_quality_broken_full_mixed,train
data/raw/Rice/rice_quality/full/grain_1578.jpg,rice,A,rice_quality_broken_full_mixed,train
data/raw/Rice/rice_quality/full/grain_158.jpg,rice,A,rice_quality_broken_full_mixed,train
data/raw/Rice/rice_quality/full/grain_1581.jpg,rice,A,rice_quality_broken_full_mixed,train
data/raw/Rice/rice_quality/full/grain_1583.jpg,rice,A,rice_quality_broken_full_mixed,train
data/raw/Rice/rice_quality/full/grain_1584.jpg,rice,A,rice_quality_broken_full_mixed,train
data/raw/Rice/rice_quality/full/grain_1586.jpg,rice,A,rice_quality_broken_full_mixed,train
data/raw/Rice/rice_quality/full/grain_1587.jpg,rice,A,rice_quality_broken_full_mixed,train
data/raw/Rice/rice_quality/full/grain_1588.jpg,rice,A,rice_quality_broken_full_mixed,train
data/raw/Rice/rice_quality/full/grain_1589.jpg,rice,A,rice_quality_broken_full_mixed,train
data/raw/Rice/rice_quality/full/grain_159.jpg,rice,A,rice_quality_broken_full_mixed,train
data/raw/Rice/rice_quality/full/grain_1591.jpg,rice,A,rice_quality_broken_full_mixed,train
data/raw/Rice/rice_quality/full/grain_1594.jpg,rice,A,rice_quality_broken_full_mixed,train
data/raw/Rice/rice_quality/full/grain_1596.jpg,rice,A,rice_quality_broken_full_mixed,train
data/raw/Rice/rice_quality/full/grain_1597.jpg,rice,A,rice_quality_broken_full_mixed,train
data/raw/Rice/rice_quality/full/grain_1599.jpg,rice,A,rice_quality_broken_full_mixed,train
data/raw/Rice/rice_quality/full/grain_16.jpg,rice,A,rice_quality_broken_full_mixed,train
data/raw/Rice/rice_quality/full/grain_160.jpg,rice,A,rice_quality_broken_full_mixed,train
data/raw/Rice/rice_quality/full/grain_1600.jpg,rice,A,rice_quality_broken_full_mixed,train
data/raw/Rice/rice_quality/full/grain_1602.jpg,rice,A,rice_quality_broken_full_mixed,train
data/raw/Rice/rice_quality/full/grain_1604.jpg,rice,A,rice_quality_broken_full_mixed,train
data/raw/Rice/rice_quality/full/grain_1605.jpg,rice,A,rice_quality_broken_full_mixed,train
data/raw/Rice/rice_quality/full/grain_1609.jpg,rice,A,rice_quality_broken_full_mixed,train
data/raw/Rice/rice_quality/full/grain_1611.jpg,rice,A,rice_quality_broken_full_mixed,train
data/raw/Rice/rice_quality/full/grain_1613.jpg,rice,A,rice_quality_broken_full_mixed,train
data/raw/Rice/rice_quality/full/grain_1614.jpg,rice,A,rice_quality_broken_full_mixed,train
data/raw/Rice/rice_quality/full/grain_1615.jpg,rice,A,rice_quality_broken_full_mixed,train
data/raw/Rice/rice_quality/full/grain_1616.jpg,rice,A,rice_quality_broken_full_mixed,train
data/raw/Rice/rice_quality/full/grain_1619.jpg,rice,A,rice_quality_broken_full_mixed,train
data/raw/Rice/rice_quality/full/grain_162.jpg,rice,A,rice_quality_broken_full_mixed,train
data/raw/Rice/rice_quality/full/grain_1620.jpg,rice,A,rice_quality_broken_full_mixed,train
data/raw/Rice/rice_quality/full/grain_1621.jpg,rice,A,rice_quality_broken_full_mixed,train
data/raw/Rice/rice_quality/full/grain_1623.jpg,rice,A,rice_quality_broken_full_mixed,train
data/raw/Rice/rice_quality/full/grain_1624.jpg,rice,A,rice_quality_broken_full_mixed,train
data/raw/Rice/rice_quality/full/grain_1628.jpg,rice,A,rice_quality_broken_full_mixed,train
data/raw/Rice/rice_quality/full/grain_1629.jpg,rice,A,rice_quality_broken_full_mixed,train
data/raw/Rice/rice_quality/full/grain_163.jpg,rice,A,rice_quality_broken_full_mixed,train
data/raw/Rice/rice_quality/full/grain_1630.jpg,rice,A,rice_quality_broken_full_mixed,train
data/raw/Rice/rice_quality/full/grain_1631.jpg,rice,A,rice_quality_broken_full_mixed,train
data/raw/Rice/rice_quality/full/grain_1633.jpg,rice,A,rice_quality_broken_full_mixed,train
data/raw/Rice/rice_quality/full/grain_1635.jpg,rice,A,rice_quality_broken_full_mixed,train
data/raw/Rice/rice_quality/full/grain_1636.jpg,rice,A,rice_quality_broken_full_mixed,train
data/raw/Rice/rice_quality/full/grain_1637.jpg,rice,A,rice_quality_broken_full_mixed,train
data/raw/Rice/rice_quality/full/grain_1638.jpg,rice,A,rice_quality_broken_full_mixed,train
data/raw/Rice/rice_quality/full/grain_1640.jpg,rice,A,rice_quality_broken_full_mixed,train
data/raw/Rice/rice_quality/full/grain_1641.jpg,rice,A,rice_quality_broken_full_mixed,train
data/raw/Rice/rice_quality/full/grain_1642.jpg,rice,A,rice_quality_broken_full_mixed,train
data/raw/Rice/rice_quality/full/grain_1643.jpg,rice,A,rice_quality_broken_full_mixed,train
data/raw/Rice/rice_quality/full/grain_1644.jpg,rice,A,rice_quality_broken_full_mixed,train
data/raw/Rice/rice_quality/full/grain_1645.jpg,rice,A,rice_quality_broken_full_mixed,train
data/raw/Rice/rice_quality/full/grain_1646.jpg,rice,A,rice_quality_broken_full_mixed,train
data/raw/Rice/rice_quality/full/grain_1648.jpg,rice,A,rice_quality_broken_full_mixed,train
data/raw/Rice/rice_quality/full/grain_1649.jpg,rice,A,rice_quality_broken_full_mixed,train
data/raw/Rice/rice_quality/full/grain_165.jpg,rice,A,rice_quality_broken_full_mixed,train
data/raw/Rice/rice_quality/full/grain_1650.jpg,rice,A,rice_quality_broken_full_mixed,train
data/raw/Rice/rice_quality/full/grain_1651.jpg,rice,A,rice_quality_broken_full_mixed,train
data/raw/Rice/rice_quality/full/grain_1653.jpg,rice,A,rice_quality_broken_full_mixed,train
data/raw/Rice/rice_quality/full/grain_1654.jpg,rice,A,rice_quality_broken_full_mixed,train
data/raw/Rice/rice_quality/full/grain_1655.jpg,rice,A,rice_quality_broken_full_mixed,train
data/raw/Rice/rice_quality/full/grain_1656.jpg,rice,A,rice_quality_broken_full_mixed,train
data/raw/Rice/rice_quality/full/grain_1657.jpg,rice,A,rice_quality_broken_full_mixed,train
data/raw/Rice/rice_quality/full/grain_1658.jpg,rice,A,rice_quality_broken_full_mixed,train
data/raw/Rice/rice_quality/full/grain_1659.jpg,rice,A,rice_quality_broken_full_mixed,train
data/raw/Rice/rice_quality/full/grain_166.jpg,rice,A,rice_quality_broken_full_mixed,train
data/raw/Rice/rice_quality/full/grain_1660.jpg,rice,A,rice_quality_broken_full_mixed,train
data/raw/Rice/rice_quality/full/grain_1661.jpg,rice,A,rice_quality_broken_full_mixed,train
data/raw/Rice/rice_quality/full/grain_1662.jpg,rice,A,rice_quality_broken_full_mixed,train
data/raw/Rice/rice_quality/full/grain_1663.jpg,rice,A,rice_quality_broken_full_mixed,train
data/raw/Rice/rice_quality/full/grain_1667.jpg,rice,A,rice_quality_broken_full_mixed,train
data/raw/Rice/rice_quality/full/grain_1668.jpg,rice,A,rice_quality_broken_full_mixed,train
data/raw/Rice/rice_quality/full/grain_167.jpg,rice,A,rice_quality_broken_full_mixed,train
data/raw/Rice/rice_quality/full/grain_1670.jpg,rice,A,rice_quality_broken_full_mixed,train
data/raw/Rice/rice_quality/full/grain_1671.jpg,rice,A,rice_quality_broken_full_mixed,train
data/raw/Rice/rice_quality/full/grain_1672.jpg,rice,A,rice_quality_broken_full_mixed,train
data/raw/Rice/rice_quality/full/grain_1673.jpg,rice,A,rice_quality_broken_full_mixed,train
data/raw/Rice/rice_quality/full/grain_1674.jpg,rice,A,rice_quality_broken_full_mixed,train
data/raw/Rice/rice_quality/full/grain_1675.jpg,rice,A,rice_quality_broken_full_mixed,train
data/raw/Rice/rice_quality/full/grain_1676.jpg,rice,A,rice_quality_broken_full_mixed,train
data/raw/Rice/rice_quality/full/grain_1677.jpg,rice,A,rice_quality_broken_full_mixed,train
data/raw/Rice/rice_quality/full/grain_1678.jpg,rice,A,rice_quality_broken_full_mixed,train
data/raw/Rice/rice_quality/full/grain_168.jpg,rice,A,rice_quality_broken_full_mixed,train
data/raw/Rice/rice_quality/full/grain_1680.jpg,rice,A,rice_quality_broken_full_mixed,train
data/raw/Rice/rice_quality/full/grain_1682.jpg,rice,A,rice_quality_broken_full_mixed,train
data/raw/Rice/rice_quality/full/grain_1683.jpg,rice,A,rice_quality_broken_full_mixed,train
data/raw/Rice/rice_quality/full/grain_1684.jpg,rice,A,rice_quality_broken_full_mixed,train
data/raw/Rice/rice_quality/full/grain_1685.jpg,rice,A,rice_quality_broken_full_mixed,train
data/raw/Rice/rice_quality/full/grain_1686.jpg,rice,A,rice_quality_broken_full_mixed,train
data/raw/Rice/rice_quality/full/grain_1687.jpg,rice,A,rice_quality_broken_full_mixed,train
data/raw/Rice/rice_quality/full/grain_1688.jpg,rice,A,rice_quality_broken_full_mixed,train
data/raw/Rice/rice_quality/full/grain_1689.jpg,rice,A,rice_quality_broken_full_mixed,train
data/raw/Rice/rice_quality/full/grain_169.jpg,rice,A,rice_quality_broken_full_mixed,train
data/raw/Rice/rice_quality/full/grain_1690.jpg,rice,A,rice_quality_broken_full_mixed,train
data/raw/Rice/rice_quality/full/grain_1691.jpg,rice,A,rice_quality_broken_full_mixed,train
data/raw/Rice/rice_quality/full/grain_1692.jpg,rice,A,rice_quality_broken_full_mixed,train
data/raw/Rice/rice_quality/full/grain_1693.jpg,rice,A,rice_quality_broken_full_mixed,train
data/raw/Rice/rice_quality/full/grain_1695.jpg,rice,A,rice_quality_broken_full_mixed,train
data/raw/Rice/rice_quality/full/grain_1696.jpg,rice,A,rice_quality_broken_full_mixed,train
data/raw/Rice/rice_quality/full/grain_1697.jpg,rice,A,rice_quality_broken_full_mixed,train
data/raw/Rice/rice_quality/full/grain_1699.jpg,rice,A,rice_quality_broken_full_mixed,train
data/raw/Rice/rice_quality/full/grain_1701.jpg,rice,A,rice_quality_broken_full_mixed,train
data/raw/Rice/rice_quality/full/grain_1702.jpg,rice,A,rice_quality_broken_full_mixed,train
data/raw/Rice/rice_quality/full/grain_1703.jpg,rice,A,rice_quality_broken_full_mixed,train
data/raw/Rice/rice_quality/full/grain_1706.jpg,rice,A,rice_quality_broken_full_mixed,train
data/raw/Rice/rice_quality/full/grain_1707.jpg,rice,A,rice_quality_broken_full_mixed,train
data/raw/Rice/rice_quality/full/grain_1708.jpg,rice,A,rice_quality_broken_full_mixed,train
data/raw/Rice/rice_quality/full/grain_1709.jpg,rice,A,rice_quality_broken_full_mixed,train
data/raw/Rice/rice_quality/full/grain_1710.jpg,rice,A,rice_quality_broken_full_mixed,train
data/raw/Rice/rice_quality/full/grain_1711.jpg,rice,A,rice_quality_broken_full_mixed,train
data/raw/Rice/rice_quality/full/grain_1712.jpg,rice,A,rice_quality_broken_full_mixed,train
data/raw/Rice/rice_quality/full/grain_1713.jpg,rice,A,rice_quality_broken_full_mixed,train
data/raw/Rice/rice_quality/full/grain_1714.jpg,rice,A,rice_quality_broken_full_mixed,train
data/raw/Rice/rice_quality/full/grain_1715.jpg,rice,A,rice_quality_broken_full_mixed,train
data/raw/Rice/rice_quality/full/grain_1716.jpg,rice,A,rice_quality_broken_full_mixed,train
data/raw/Rice/rice_quality/full/grain_1717.jpg,rice,A,rice_quality_broken_full_mixed,train
data/raw/Rice/rice_quality/full/grain_1718.jpg,rice,A,rice_quality_broken_full_mixed,train
data/raw/Rice/rice_quality/full/grain_1719.jpg,rice,A,rice_quality_broken_full_mixed,train
data/raw/Rice/rice_quality/full/grain_172.jpg,rice,A,rice_quality_broken_full_mixed,train
data/raw/Rice/rice_quality/full/grain_1720.jpg,rice,A,rice_quality_broken_full_mixed,train
data/raw/Rice/rice_quality/full/grain_1721.jpg,rice,A,rice_quality_broken_full_mixed,train
data/raw/Rice/rice_quality/full/grain_1722.jpg,rice,A,rice_quality_broken_full_mixed,train
data/raw/Rice/rice_quality/full/grain_1723.jpg,rice,A,rice_quality_broken_full_mixed,train
data/raw/Rice/rice_quality/full/grain_1724.jpg,rice,A,rice_quality_broken_full_mixed,train
data/raw/Rice/rice_quality/full/grain_1725.jpg,rice,A,rice_quality_broken_full_mixed,train
data/raw/Rice/rice_quality/full/grain_1726.jpg,rice,A,rice_quality_broken_full_mixed,train
data/raw/Rice/rice_quality/full/grain_1727.jpg,rice,A,rice_quality_broken_full_mixed,train
data/raw/Rice/rice_quality/full/grain_1728.jpg,rice,A,rice_quality_broken_full_mixed,train
data/raw/Rice/rice_quality/full/grain_1729.jpg,rice,A,rice_quality_broken_full_mixed,train
data/raw/Rice/rice_quality/full/grain_1730.jpg,rice,A,rice_quality_broken_full_mixed,train
data/raw/Rice/rice_quality/full/grain_1732.jpg,rice,A,rice_quality_broken_full_mixed,train
data/raw/Rice/rice_quality/full/grain_1734.jpg,rice,A,rice_quality_broken_full_mixed,train
data/raw/Rice/rice_quality/full/grain_1735.jpg,rice,A,rice_quality_broken_full_mixed,train
data/raw/Rice/rice_quality/full/grain_1736.jpg,rice,A,rice_quality_broken_full_mixed,train
data/raw/Rice/rice_quality/full/grain_1738.jpg,rice,A,rice_quality_broken_full_mixed,train
data/raw/Rice/rice_quality/full/grain_1739.jpg,rice,A,rice_quality_broken_full_mixed,train
data/raw/Rice/rice_quality/full/grain_174.jpg,rice,A,rice_quality_broken_full_mixed,train
data/raw/Rice/rice_quality/full/grain_1741.jpg,rice,A,rice_quality_broken_full_mixed,train
data/raw/Rice/rice_quality/full/grain_1742.jpg,rice,A,rice_quality_broken_full_mixed,train
data/raw/Rice/rice_quality/full/grain_1745.jpg,rice,A,rice_quality_broken_full_mixed,train
data/raw/Rice/rice_quality/full/grain_1746.jpg,rice,A,rice_quality_broken_full_mixed,train
data/raw/Rice/rice_quality/full/grain_1747.jpg,rice,A,rice_quality_broken_full_mixed,train
data/raw/Rice/rice_quality/full/grain_1749.jpg,rice,A,rice_quality_broken_full_mixed,train
data/raw/Rice/rice_quality/full/grain_175.jpg,rice,A,rice_quality_broken_full_mixed,train
data/raw/Rice/rice_quality/full/grain_1752.jpg,rice,A,rice_quality_broken_full_mixed,train
data/raw/Rice/rice_quality/full/grain_1753.jpg,rice,A,rice_quality_broken_full_mixed,train
data/raw/Rice/rice_quality/full/grain_1755.jpg,rice,A,rice_quality_broken_full_mixed,train
data/raw/Rice/rice_quality/full/grain_1757.jpg,rice,A,rice_quality_broken_full_mixed,train
data/raw/Rice/rice_quality/full/grain_1759.jpg,rice,A,rice_quality_broken_full_mixed,train
data/raw/Rice/rice_quality/full/grain_176.jpg,rice,A,rice_quality_broken_full_mixed,train
data/raw/Rice/rice_quality/full/grain_1762.jpg,rice,A,rice_quality_broken_full_mixed,train
data/raw/Rice/rice_quality/full/grain_1765.jpg,rice,A,rice_quality_broken_full_mixed,train
data/raw/Rice/rice_quality/full/grain_1767.jpg,rice,A,rice_quality_broken_full_mixed,train
data/raw/Rice/rice_quality/full/grain_1768.jpg,rice,A,rice_quality_broken_full_mixed,train
data/raw/Rice/rice_quality/full/grain_1769.jpg,rice,A,rice_quality_broken_full_mixed,train
data/raw/Rice/rice_quality/full/grain_177.jpg,rice,A,rice_quality_broken_full_mixed,train
data/raw/Rice/rice_quality/full/grain_1770.jpg,rice,A,rice_quality_broken_full_mixed,train
data/raw/Rice/rice_quality/full/grain_1771.jpg,rice,A,rice_quality_broken_full_mixed,train
data/raw/Rice/rice_quality/full/grain_1772.jpg,rice,A,rice_quality_broken_full_mixed,train
data/raw/Rice/rice_quality/full/grain_1774.jpg,rice,A,rice_quality_broken_full_mixed,train
data/raw/Rice/rice_quality/full/grain_1775.jpg,rice,A,rice_quality_broken_full_mixed,train
data/raw/Rice/rice_quality/full/grain_1776.jpg,rice,A,rice_quality_broken_full_mixed,train
data/raw/Rice/rice_quality/full/grain_1777.jpg,rice,A,rice_quality_broken_full_mixed,train
data/raw/Rice/rice_quality/full/grain_1778.jpg,rice,A,rice_quality_broken_full_mixed,train
data/raw/Rice/rice_quality/full/grain_178.jpg,rice,A,rice_quality_broken_full_mixed,train
data/raw/Rice/rice_quality/full/grain_1780.jpg,rice,A,rice_quality_broken_full_mixed,train
data/raw/Rice/rice_quality/full/grain_1781.jpg,rice,A,rice_quality_broken_full_mixed,train
data/raw/Rice/rice_quality/full/grain_1784.jpg,rice,A,rice_quality_broken_full_mixed,train
data/raw/Rice/rice_quality/full/grain_1785.jpg,rice,A,rice_quality_broken_full_mixed,train
data/raw/Rice/rice_quality/full/grain_1786.jpg,rice,A,rice_quality_broken_full_mixed,train
data/raw/Rice/rice_quality/full/grain_1787.jpg,rice,A,rice_quality_broken_full_mixed,train
data/raw/Rice/rice_quality/full/grain_1790.jpg,rice,A,rice_quality_broken_full_mixed,train
data/raw/Rice/rice_quality/full/grain_1791.jpg,rice,A,rice_quality_broken_full_mixed,train
data/raw/Rice/rice_quality/full/grain_1792.jpg,rice,A,rice_quality_broken_full_mixed,train
data/raw/Rice/rice_quality/full/grain_1793.jpg,rice,A,rice_quality_broken_full_mixed,train
data/raw/Rice/rice_quality/full/grain_1794.jpg,rice,A,rice_quality_broken_full_mixed,train
data/raw/Rice/rice_quality/full/grain_1796.jpg,rice,A,rice_quality_broken_full_mixed,train
data/raw/Rice/rice_quality/full/grain_1797.jpg,rice,A,rice_quality_broken_full_mixed,train
data/raw/Rice/rice_quality/full/grain_18.jpg,rice,A,rice_quality_broken_full_mixed,train
data/raw/Rice/rice_quality/full/grain_180.jpg,rice,A,rice_quality_broken_full_mixed,train
data/raw/Rice/rice_quality/full/grain_1802.jpg,rice,A,rice_quality_broken_full_mixed,train
data/raw/Rice/rice_quality/full/grain_1803.jpg,rice,A,rice_quality_broken_full_mixed,train
data/raw/Rice/rice_quality/full/grain_1804.jpg,rice,A,rice_quality_broken_full_mixed,train
data/raw/Rice/rice_quality/full/grain_1809.jpg,rice,A,rice_quality_broken_full_mixed,train
data/raw/Rice/rice_quality/full/grain_1812.jpg,rice,A,rice_quality_broken_full_mixed,train
data/raw/Rice/rice_quality/full/grain_1815.jpg,rice,A,rice_quality_broken_full_mixed,train
data/raw/Rice/rice_quality/full/grain_1817.jpg,rice,A,rice_quality_broken_full_mixed,train
data/raw/Rice/rice_quality/full/grain_1818.jpg,rice,A,rice_quality_broken_full_mixed,train
data/raw/Rice/rice_quality/full/grain_1819.jpg,rice,A,rice_quality_broken_full_mixed,train
data/raw/Rice/rice_quality/full/grain_182.jpg,rice,A,rice_quality_broken_full_mixed,train
data/raw/Rice/rice_quality/full/grain_1820.jpg,rice,A,rice_quality_broken_full_mixed,train
data/raw/Rice/rice_quality/full/grain_1822.jpg,rice,A,rice_quality_broken_full_mixed,train
data/raw/Rice/rice_quality/full/grain_1823.jpg,rice,A,rice_quality_broken_full_mixed,train
data/raw/Rice/rice_quality/full/grain_1826.jpg,rice,A,rice_quality_broken_full_mixed,train
data/raw/Rice/rice_quality/full/grain_1827.jpg,rice,A,rice_quality_broken_full_mixed,train
data/raw/Rice/rice_quality/full/grain_1828.jpg,rice,A,rice_quality_broken_full_mixed,train
data/raw/Rice/rice_quality/full/grain_1830.jpg,rice,A,rice_quality_broken_full_mixed,train
data/raw/Rice/rice_quality/full/grain_1831.jpg,rice,A,rice_quality_broken_full_mixed,train
data/raw/Rice/rice_quality/full/grain_1832.jpg,rice,A,rice_quality_broken_full_mixed,train
data/raw/Rice/rice_quality/full/grain_1833.jpg,rice,A,rice_quality_broken_full_mixed,train
data/raw/Rice/rice_quality/full/grain_1834.jpg,rice,A,rice_quality_broken_full_mixed,train
data/raw/Rice/rice_quality/full/grain_1836.jpg,rice,A,rice_quality_broken_full_mixed,train
data/raw/Rice/rice_quality/full/grain_1839.jpg,rice,A,rice_quality_broken_full_mixed,train
data/raw/Rice/rice_quality/full/grain_184.jpg,rice,A,rice_quality_broken_full_mixed,train
data/raw/Rice/rice_quality/full/grain_1841.jpg,rice,A,rice_quality_broken_full_mixed,train
data/raw/Rice/rice_quality/full/grain_1842.jpg,rice,A,rice_quality_broken_full_mixed,train
data/raw/Rice/rice_quality/full/grain_1843.jpg,rice,A,rice_quality_broken_full_mixed,train
data/raw/Rice/rice_quality/full/grain_1844.jpg,rice,A,rice_quality_broken_full_mixed,train
data/raw/Rice/rice_quality/full/grain_1845.jpg,rice,A,rice_quality_broken_full_mixed,train
data/raw/Rice/rice_quality/full/grain_1847.jpg,rice,A,rice_quality_broken_full_mixed,train
data/raw/Rice/rice_quality/full/grain_1848.jpg,rice,A,rice_quality_broken_full_mixed,train
data/raw/Rice/rice_quality/full/grain_1849.jpg,rice,A,rice_quality_broken_full_mixed,train
data/raw/Rice/rice_quality/full/grain_1852.jpg,rice,A,rice_quality_broken_full_mixed,train
data/raw/Rice/rice_quality/full/grain_1853.jpg,rice,A,rice_quality_broken_full_mixed,train
data/raw/Rice/rice_quality/full/grain_1854.jpg,rice,A,rice_quality_broken_full_mixed,train
data/raw/Rice/rice_quality/full/grain_1857.jpg,rice,A,rice_quality_broken_full_mixed,train
data/raw/Rice/rice_quality/full/grain_1858.jpg,rice,A,rice_quality_broken_full_mixed,train
data/raw/Rice/rice_quality/full/grain_1859.jpg,rice,A,rice_quality_broken_full_mixed,train
data/raw/Rice/rice_quality/full/grain_186.jpg,rice,A,rice_quality_broken_full_mixed,train
data/raw/Rice/rice_quality/full/grain_1860.jpg,rice,A,rice_quality_broken_full_mixed,train
data/raw/Rice/rice_quality/full/grain_1861.jpg,rice,A,rice_quality_broken_full_mixed,train
data/raw/Rice/rice_quality/full/grain_1867.jpg,rice,A,rice_quality_broken_full_mixed,train
data/raw/Rice/rice_quality/full/grain_1868.jpg,rice,A,rice_quality_broken_full_mixed,train
data/raw/Rice/rice_quality/full/grain_1869.jpg,rice,A,rice_quality_broken_full_mixed,train
data/raw/Rice/rice_quality/full/grain_1872.jpg,rice,A,rice_quality_broken_full_mixed,train
data/raw/Rice/rice_quality/full/grain_1873.jpg,rice,A,rice_quality_broken_full_mixed,train
data/raw/Rice/rice_quality/full/grain_1874.jpg,rice,A,rice_quality_broken_full_mixed,train
data/raw/Rice/rice_quality/full/grain_1875.jpg,rice,A,rice_quality_broken_full_mixed,train
data/raw/Rice/rice_quality/full/grain_1876.jpg,rice,A,rice_quality_broken_full_mixed,train
data/raw/Rice/rice_quality/full/grain_1878.jpg,rice,A,rice_quality_broken_full_mixed,train
data/raw/Rice/rice_quality/full/grain_1882.jpg,rice,A,rice_quality_broken_full_mixed,train
data/raw/Rice/rice_quality/full/grain_1883.jpg,rice,A,rice_quality_broken_full_mixed,train
data/raw/Rice/rice_quality/full/grain_1884.jpg,rice,A,rice_quality_broken_full_mixed,train
data/raw/Rice/rice_quality/full/grain_1885.jpg,rice,A,rice_quality_broken_full_mixed,train
data/raw/Rice/rice_quality/full/grain_1886.jpg,rice,A,rice_quality_broken_full_mixed,train
data/raw/Rice/rice_quality/full/grain_1887.jpg,rice,A,rice_quality_broken_full_mixed,train
data/raw/Rice/rice_quality/full/grain_1888.jpg,rice,A,rice_quality_broken_full_mixed,train
data/raw/Rice/rice_quality/full/grain_189.jpg,rice,A,rice_quality_broken_full_mixed,train
data/raw/Rice/rice_quality/full/grain_1893.jpg,rice,A,rice_quality_broken_full_mixed,train
data/raw/Rice/rice_quality/full/grain_1894.jpg,rice,A,rice_quality_broken_full_mixed,train
data/raw/Rice/rice_quality/full/grain_1895.jpg,rice,A,rice_quality_broken_full_mixed,train
data/raw/Rice/rice_quality/full/grain_1896.jpg,rice,A,rice_quality_broken_full_mixed,train
data/raw/Rice/rice_quality/full/grain_1897.jpg,rice,A,rice_quality_broken_full_mixed,train
data/raw/Rice/rice_quality/full/grain_190.jpg,rice,A,rice_quality_broken_full_mixed,train
data/raw/Rice/rice_quality/full/grain_1902.jpg,rice,A,rice_quality_broken_full_mixed,train
data/raw/Rice/rice_quality/full/grain_1904.jpg,rice,A,rice_quality_broken_full_mixed,train
data/raw/Rice/rice_quality/full/grain_1906.jpg,rice,A,rice_quality_broken_full_mixed,train
data/raw/Rice/rice_quality/full/grain_1907.jpg,rice,A,rice_quality_broken_full_mixed,train
data/raw/Rice/rice_quality/full/grain_1908.jpg,rice,A,rice_quality_broken_full_mixed,train
data/raw/Rice/rice_quality/full/grain_1910.jpg,rice,A,rice_quality_broken_full_mixed,train
data/raw/Rice/rice_quality/full/grain_1912.jpg,rice,A,rice_quality_broken_full_mixed,train
data/raw/Rice/rice_quality/full/grain_1913.jpg,rice,A,rice_quality_broken_full_mixed,train
data/raw/Rice/rice_quality/full/grain_1914.jpg,rice,A,rice_quality_broken_full_mixed,train
data/raw/Rice/rice_quality/full/grain_1915.jpg,rice,A,rice_quality_broken_full_mixed,train
data/raw/Rice/rice_quality/full/grain_1916.jpg,rice,A,rice_quality_broken_full_mixed,train
data/raw/Rice/rice_quality/full/grain_1918.jpg,rice,A,rice_quality_broken_full_mixed,train
data/raw/Rice/rice_quality/full/grain_1919.jpg,rice,A,rice_quality_broken_full_mixed,train
data/raw/Rice/rice_quality/full/grain_192.jpg,rice,A,rice_quality_broken_full_mixed,train
data/raw/Rice/rice_quality/full/grain_1921.jpg,rice,A,rice_quality_broken_full_mixed,train
data/raw/Rice/rice_quality/full/grain_1922.jpg,rice,A,rice_quality_broken_full_mixed,train
data/raw/Rice/rice_quality/full/grain_1923.jpg,rice,A,rice_quality_broken_full_mixed,train
data/raw/Rice/rice_quality/full/grain_1925.jpg,rice,A,rice_quality_broken_full_mixed,train
data/raw/Rice/rice_quality/full/grain_1926.jpg,rice,A,rice_quality_broken_full_mixed,train
data/raw/Rice/rice_quality/full/grain_1927.jpg,rice,A,rice_quality_broken_full_mixed,train
data/raw/Rice/rice_quality/full/grain_1928.jpg,rice,A,rice_quality_broken_full_mixed,train
data/raw/Rice/rice_quality/full/grain_193.jpg,rice,A,rice_quality_broken_full_mixed,train
data/raw/Rice/rice_quality/full/grain_1930.jpg,rice,A,rice_quality_broken_full_mixed,train
data/raw/Rice/rice_quality/full/grain_1932.jpg,rice,A,rice_quality_broken_full_mixed,train
data/raw/Rice/rice_quality/full/grain_1933.jpg,rice,A,rice_quality_broken_full_mixed,train
data/raw/Rice/rice_quality/full/grain_1936.jpg,rice,A,rice_quality_broken_full_mixed,train
data/raw/Rice/rice_quality/full/grain_1938.jpg,rice,A,rice_quality_broken_full_mixed,train
data/raw/Rice/rice_quality/full/grain_1939.jpg,rice,A,rice_quality_broken_full_mixed,train
data/raw/Rice/rice_quality/full/grain_194.jpg,rice,A,rice_quality_broken_full_mixed,train
data/raw/Rice/rice_quality/full/grain_1940.jpg,rice,A,rice_quality_broken_full_mixed,train
data/raw/Rice/rice_quality/full/grain_1941.jpg,rice,A,rice_quality_broken_full_mixed,train
data/raw/Rice/rice_quality/full/grain_1942.jpg,rice,A,rice_quality_broken_full_mixed,train
data/raw/Rice/rice_quality/full/grain_1944.jpg,rice,A,rice_quality_broken_full_mixed,train
data/raw/Rice/rice_quality/full/grain_1945.jpg,rice,A,rice_quality_broken_full_mixed,train
data/raw/Rice/rice_quality/full/grain_1946.jpg,rice,A,rice_quality_broken_full_mixed,train
data/raw/Rice/rice_quality/full/grain_1948.jpg,rice,A,rice_quality_broken_full_mixed,train
data/raw/Rice/rice_quality/full/grain_1949.jpg,rice,A,rice_quality_broken_full_mixed,train
data/raw/Rice/rice_quality/full/grain_195.jpg,rice,A,rice_quality_broken_full_mixed,train
data/raw/Rice/rice_quality/full/grain_1950.jpg,rice,A,rice_quality_broken_full_mixed,train
data/raw/Rice/rice_quality/full/grain_1952.jpg,rice,A,rice_quality_broken_full_mixed,train
data/raw/Rice/rice_quality/full/grain_1953.jpg,rice,A,rice_quality_broken_full_mixed,train
data/raw/Rice/rice_quality/full/grain_1956.jpg,rice,A,rice_quality_broken_full_mixed,train
data/raw/Rice/rice_quality/full/grain_1957.jpg,rice,A,rice_quality_broken_full_mixed,train
data/raw/Rice/rice_quality/full/grain_1959.jpg,rice,A,rice_quality_broken_full_mixed,train
data/raw/Rice/rice_quality/full/grain_196.jpg,rice,A,rice_quality_broken_full_mixed,train
data/raw/Rice/rice_quality/full/grain_1961.jpg,rice,A,rice_quality_broken_full_mixed,train
data/raw/Rice/rice_quality/full/grain_1963.jpg,rice,A,rice_quality_broken_full_mixed,train
data/raw/Rice/rice_quality/full/grain_1964.jpg,rice,A,rice_quality_broken_full_mixed,train
data/raw/Rice/rice_quality/full/grain_1965.jpg,rice,A,rice_quality_broken_full_mixed,train
data/raw/Rice/rice_quality/full/grain_1967.jpg,rice,A,rice_quality_broken_full_mixed,train
data/raw/Rice/rice_quality/full/grain_1968.jpg,rice,A,rice_quality_broken_full_mixed,train
data/raw/Rice/rice_quality/full/grain_197.jpg,rice,A,rice_quality_broken_full_mixed,train
data/raw/Rice/rice_quality/full/grain_1970.jpg,rice,A,rice_quality_broken_full_mixed,train
data/raw/Rice/rice_quality/full/grain_1971.jpg,rice,A,rice_quality_broken_full_mixed,train
data/raw/Rice/rice_quality/full/grain_1972.jpg,rice,A,rice_quality_broken_full_mixed,train
data/raw/Rice/rice_quality/full/grain_1973.jpg,rice,A,rice_quality_broken_full_mixed,train
data/raw/Rice/rice_quality/full/grain_1974.jpg,rice,A,rice_quality_broken_full_mixed,train
data/raw/Rice/rice_quality/full/grain_1975.jpg,rice,A,rice_quality_broken_full_mixed,train
data/raw/Rice/rice_quality/full/grain_1976.jpg,rice,A,rice_quality_broken_full_mixed,train
data/raw/Rice/rice_quality/full/grain_1977.jpg,rice,A,rice_quality_broken_full_mixed,train
data/raw/Rice/rice_quality/full/grain_1979.jpg,rice,A,rice_quality_broken_full_mixed,train
data/raw/Rice/rice_quality/full/grain_198.jpg,rice,A,rice_quality_broken_full_mixed,train
data/raw/Rice/rice_quality/full/grain_1980.jpg,rice,A,rice_quality_broken_full_mixed,train
data/raw/Rice/rice_quality/full/grain_1984.jpg,rice,A,rice_quality_broken_full_mixed,train
data/raw/Rice/rice_quality/full/grain_1985.jpg,rice,A,rice_quality_broken_full_mixed,train
data/raw/Rice/rice_quality/full/grain_1986.jpg,rice,A,rice_quality_broken_full_mixed,train
data/raw/Rice/rice_quality/full/grain_1988.jpg,rice,A,rice_quality_broken_full_mixed,train
data/raw/Rice/rice_quality/full/grain_1989.jpg,rice,A,rice_quality_broken_full_mixed,train
data/raw/Rice/rice_quality/full/grain_199.jpg,rice,A,rice_quality_broken_full_mixed,train
data/raw/Rice/rice_quality/full/grain_1990.jpg,rice,A,rice_quality_broken_full_mixed,train
data/raw/Rice/rice_quality/full/grain_1993.jpg,rice,A,rice_quality_broken_full_mixed,train
data/raw/Rice/rice_quality/full/grain_1995.jpg,rice,A,rice_quality_broken_full_mixed,train
data/raw/Rice/rice_quality/full/grain_1996.jpg,rice,A,rice_quality_broken_full_mixed,train
data/raw/Rice/rice_quality/full/grain_1998.jpg,rice,A,rice_quality_broken_full_mixed,train
data/raw/Rice/rice_quality/full/grain_1999.jpg,rice,A,rice_quality_broken_full_mixed,train
data/raw/Rice/rice_quality/full/grain_200.jpg,rice,A,rice_quality_broken_full_mixed,train
data/raw/Rice/rice_quality/full/grain_2000.jpg,rice,A,rice_quality_broken_full_mixed,train
data/raw/Rice/rice_quality/full/grain_2002.jpg,rice,A,rice_quality_broken_full_mixed,train
data/raw/Rice/rice_quality/full/grain_2004.jpg,rice,A,rice_quality_broken_full_mixed,train
data/raw/Rice/rice_quality/full/grain_2005.jpg,rice,A,rice_quality_broken_full_mixed,train
data/raw/Rice/rice_quality/full/grain_2006.jpg,rice,A,rice_quality_broken_full_mixed,train
data/raw/Rice/rice_quality/full/grain_2007.jpg,rice,A,rice_quality_broken_full_mixed,train
data/raw/Rice/rice_quality/full/grain_2008.jpg,rice,A,rice_quality_broken_full_mixed,train
data/raw/Rice/rice_quality/full/grain_2009.jpg,rice,A,rice_quality_broken_full_mixed,train
data/raw/Rice/rice_quality/full/grain_2010.jpg,rice,A,rice_quality_broken_full_mixed,train
data/raw/Rice/rice_quality/full/grain_2014.jpg,rice,A,rice_quality_broken_full_mixed,train
data/raw/Rice/rice_quality/full/grain_2017.jpg,rice,A,rice_quality_broken_full_mixed,train
data/raw/Rice/rice_quality/full/grain_2019.jpg,rice,A,rice_quality_broken_full_mixed,train
data/raw/Rice/rice_quality/full/grain_2020.jpg,rice,A,rice_quality_broken_full_mixed,train
data/raw/Rice/rice_quality/full/grain_2024.jpg,rice,A,rice_quality_broken_full_mixed,train
data/raw/Rice/rice_quality/full/grain_2025.jpg,rice,A,rice_quality_broken_full_mixed,train
data/raw/Rice/rice_quality/full/grain_2027.jpg,rice,A,rice_quality_broken_full_mixed,train
data/raw/Rice/rice_quality/full/grain_2028.jpg,rice,A,rice_quality_broken_full_mixed,train
data/raw/Rice/rice_quality/full/grain_2029.jpg,rice,A,rice_quality_broken_full_mixed,train
data/raw/Rice/rice_quality/full/grain_203.jpg,rice,A,rice_quality_broken_full_mixed,train
data/raw/Rice/rice_quality/full/grain_2030.jpg,rice,A,rice_quality_broken_full_mixed,train
data/raw/Rice/rice_quality/full/grain_2031.jpg,rice,A,rice_quality_broken_full_mixed,train
data/raw/Rice/rice_quality/full/grain_2032.jpg,rice,A,rice_quality_broken_full_mixed,train
data/raw/Rice/rice_quality/full/grain_2033.jpg,rice,A,rice_quality_broken_full_mixed,train
data/raw/Rice/rice_quality/full/grain_2034.jpg,rice,A,rice_quality_broken_full_mixed,train
data/raw/Rice/rice_quality/full/grain_2036.jpg,rice,A,rice_quality_broken_full_mixed,train
data/raw/Rice/rice_quality/full/grain_2037.jpg,rice,A,rice_quality_broken_full_mixed,train
data/raw/Rice/rice_quality/full/grain_2038.jpg,rice,A,rice_quality_broken_full_mixed,train
data/raw/Rice/rice_quality/full/grain_2039.jpg,rice,A,rice_quality_broken_full_mixed,train
data/raw/Rice/rice_quality/full/grain_204.jpg,rice,A,rice_quality_broken_full_mixed,train
data/raw/Rice/rice_quality/full/grain_2040.jpg,rice,A,rice_quality_broken_full_mixed,train
data/raw/Rice/rice_quality/full/grain_2042.jpg,rice,A,rice_quality_broken_full_mixed,train
data/raw/Rice/rice_quality/full/grain_2043.jpg,rice,A,rice_quality_broken_full_mixed,train
data/raw/Rice/rice_quality/full/grain_2044.jpg,rice,A,rice_quality_broken_full_mixed,train
data/raw/Rice/rice_quality/full/grain_2045.jpg,rice,A,rice_quality_broken_full_mixed,train
data/raw/Rice/rice_quality/full/grain_2048.jpg,rice,A,rice_quality_broken_full_mixed,train
data/raw/Rice/rice_quality/full/grain_205.jpg,rice,A,rice_quality_broken_full_mixed,train
data/raw/Rice/rice_quality/full/grain_2050.jpg,rice,A,rice_quality_broken_full_mixed,train
data/raw/Rice/rice_quality/full/grain_2053.jpg,rice,A,rice_quality_broken_full_mixed,train
data/raw/Rice/rice_quality/full/grain_2054.jpg,rice,A,rice_quality_broken_full_mixed,train
data/raw/Rice/rice_quality/full/grain_2055.jpg,rice,A,rice_quality_broken_full_mixed,train
data/raw/Rice/rice_quality/full/grain_2057.jpg,rice,A,rice_quality_broken_full_mixed,train
data/raw/Rice/rice_quality/full/grain_2058.jpg,rice,A,rice_quality_broken_full_mixed,train
data/raw/Rice/rice_quality/full/grain_206.jpg,rice,A,rice_quality_broken_full_mixed,train
data/raw/Rice/rice_quality/full/grain_2062.jpg,rice,A,rice_quality_broken_full_mixed,train
data/raw/Rice/rice_quality/full/grain_2063.jpg,rice,A,rice_quality_broken_full_mixed,train
data/raw/Rice/rice_quality/full/grain_2064.jpg,rice,A,rice_quality_broken_full_mixed,train
data/raw/Rice/rice_quality/full/grain_2065.jpg,rice,A,rice_quality_broken_full_mixed,train
data/raw/Rice/rice_quality/full/grain_2066.jpg,rice,A,rice_quality_broken_full_mixed,train
data/raw/Rice/rice_quality/full/grain_2068.jpg,rice,A,rice_quality_broken_full_mixed,train
data/raw/Rice/rice_quality/full/grain_2069.jpg,rice,A,rice_quality_broken_full_mixed,train
data/raw/Rice/rice_quality/full/grain_207.jpg,rice,A,rice_quality_broken_full_mixed,train
data/raw/Rice/rice_quality/full/grain_2071.jpg,rice,A,rice_quality_broken_full_mixed,train
data/raw/Rice/rice_quality/full/grain_2072.jpg,rice,A,rice_quality_broken_full_mixed,train
data/raw/Rice/rice_quality/full/grain_2073.jpg,rice,A,rice_quality_broken_full_mixed,train
data/raw/Rice/rice_quality/full/grain_2074.jpg,rice,A,rice_quality_broken_full_mixed,train
data/raw/Rice/rice_quality/full/grain_2075.jpg,rice,A,rice_quality_broken_full_mixed,train
data/raw/Rice/rice_quality/full/grain_2076.jpg,rice,A,rice_quality_broken_full_mixed,train
data/raw/Rice/rice_quality/full/grain_2078.jpg,rice,A,rice_quality_broken_full_mixed,train
data/raw/Rice/rice_quality/full/grain_2079.jpg,rice,A,rice_quality_broken_full_mixed,train
data/raw/Rice/rice_quality/full/grain_208.jpg,rice,A,rice_quality_broken_full_mixed,train
data/raw/Rice/rice_quality/full/grain_2081.jpg,rice,A,rice_quality_broken_full_mixed,train
data/raw/Rice/rice_quality/full/grain_2082.jpg,rice,A,rice_quality_broken_full_mixed,train
data/raw/Rice/rice_quality/full/grain_2084.jpg,rice,A,rice_quality_broken_full_mixed,train
data/raw/Rice/rice_quality/full/grain_2087.jpg,rice,A,rice_quality_broken_full_mixed,train
data/raw/Rice/rice_quality/full/grain_2088.jpg,rice,A,rice_quality_broken_full_mixed,train
data/raw/Rice/rice_quality/full/grain_2089.jpg,rice,A,rice_quality_broken_full_mixed,train
data/raw/Rice/rice_quality/full/grain_2091.jpg,rice,A,rice_quality_broken_full_mixed,train
data/raw/Rice/rice_quality/full/grain_2092.jpg,rice,A,rice_quality_broken_full_mixed,train
data/raw/Rice/rice_quality/full/grain_2094.jpg,rice,A,rice_quality_broken_full_mixed,train
data/raw/Rice/rice_quality/full/grain_2096.jpg,rice,A,rice_quality_broken_full_mixed,train
data/raw/Rice/rice_quality/full/grain_2098.jpg,rice,A,rice_quality_broken_full_mixed,train
data/raw/Rice/rice_quality/full/grain_2100.jpg,rice,A,rice_quality_broken_full_mixed,train
data/raw/Rice/rice_quality/full/grain_2101.jpg,rice,A,rice_quality_broken_full_mixed,train
data/raw/Rice/rice_quality/full/grain_2103.jpg,rice,A,rice_quality_broken_full_mixed,train
data/raw/Rice/rice_quality/full/grain_2105.jpg,rice,A,rice_quality_broken_full_mixed,train
data/raw/Rice/rice_quality/full/grain_2106.jpg,rice,A,rice_quality_broken_full_mixed,train
data/raw/Rice/rice_quality/full/grain_2107.jpg,rice,A,rice_quality_broken_full_mixed,train
data/raw/Rice/rice_quality/full/grain_2108.jpg,rice,A,rice_quality_broken_full_mixed,train
data/raw/Rice/rice_quality/full/grain_2109.jpg,rice,A,rice_quality_broken_full_mixed,train
data/raw/Rice/rice_quality/full/grain_211.jpg,rice,A,rice_quality_broken_full_mixed,train
data/raw/Rice/rice_quality/full/grain_2111.jpg,rice,A,rice_quality_broken_full_mixed,train
data/raw/Rice/rice_quality/full/grain_2112.jpg,rice,A,rice_quality_broken_full_mixed,train
data/raw/Rice/rice_quality/full/grain_2113.jpg,rice,A,rice_quality_broken_full_mixed,train
data/raw/Rice/rice_quality/full/grain_2114.jpg,rice,A,rice_quality_broken_full_mixed,train
data/raw/Rice/rice_quality/full/grain_2116.jpg,rice,A,rice_quality_broken_full_mixed,train
data/raw/Rice/rice_quality/full/grain_2117.jpg,rice,A,rice_quality_broken_full_mixed,train
data/raw/Rice/rice_quality/full/grain_2118.jpg,rice,A,rice_quality_broken_full_mixed,train
data/raw/Rice/rice_quality/full/grain_2119.jpg,rice,A,rice_quality_broken_full_mixed,train
data/raw/Rice/rice_quality/full/grain_2120.jpg,rice,A,rice_quality_broken_full_mixed,train
data/raw/Rice/rice_quality/full/grain_2123.jpg,rice,A,rice_quality_broken_full_mixed,train
data/raw/Rice/rice_quality/full/grain_2124.jpg,rice,A,rice_quality_broken_full_mixed,train
data/raw/Rice/rice_quality/full/grain_2125.jpg,rice,A,rice_quality_broken_full_mixed,train
data/raw/Rice/rice_quality/full/grain_2126.jpg,rice,A,rice_quality_broken_full_mixed,train
data/raw/Rice/rice_quality/full/grain_2127.jpg,rice,A,rice_quality_broken_full_mixed,train
data/raw/Rice/rice_quality/full/grain_2128.jpg,rice,A,rice_quality_broken_full_mixed,train
data/raw/Rice/rice_quality/full/grain_2129.jpg,rice,A,rice_quality_broken_full_mixed,train
data/raw/Rice/rice_quality/full/grain_213.jpg,rice,A,rice_quality_broken_full_mixed,train
data/raw/Rice/rice_quality/full/grain_2130.jpg,rice,A,rice_quality_broken_full_mixed,train
data/raw/Rice/rice_quality/full/grain_2131.jpg,rice,A,rice_quality_broken_full_mixed,train
data/raw/Rice/rice_quality/full/grain_2132.jpg,rice,A,rice_quality_broken_full_mixed,train
data/raw/Rice/rice_quality/full/grain_2134.jpg,rice,A,rice_quality_broken_full_mixed,train
data/raw/Rice/rice_quality/full/grain_2135.jpg,rice,A,rice_quality_broken_full_mixed,train
data/raw/Rice/rice_quality/full/grain_2137.jpg,rice,A,rice_quality_broken_full_mixed,train
data/raw/Rice/rice_quality/full/grain_2139.jpg,rice,A,rice_quality_broken_full_mixed,train
data/raw/Rice/rice_quality/full/grain_214.jpg,rice,A,rice_quality_broken_full_mixed,train
data/raw/Rice/rice_quality/full/grain_2140.jpg,rice,A,rice_quality_broken_full_mixed,train
data/raw/Rice/rice_quality/full/grain_2141.jpg,rice,A,rice_quality_broken_full_mixed,train
data/raw/Rice/rice_quality/full/grain_2143.jpg,rice,A,rice_quality_broken_full_mixed,train
data/raw/Rice/rice_quality/full/grain_2144.jpg,rice,A,rice_quality_broken_full_mixed,train
data/raw/Rice/rice_quality/full/grain_2149.jpg,rice,A,rice_quality_broken_full_mixed,train
data/raw/Rice/rice_quality/full/grain_215.jpg,rice,A,rice_quality_broken_full_mixed,train
data/raw/Rice/rice_quality/full/grain_2152.jpg,rice,A,rice_quality_broken_full_mixed,train
data/raw/Rice/rice_quality/full/grain_2155.jpg,rice,A,rice_quality_broken_full_mixed,train
data/raw/Rice/rice_quality/full/grain_2156.jpg,rice,A,rice_quality_broken_full_mixed,train
data/raw/Rice/rice_quality/full/grain_2157.jpg,rice,A,rice_quality_broken_full_mixed,train
data/raw/Rice/rice_quality/full/grain_2158.jpg,rice,A,rice_quality_broken_full_mixed,train
data/raw/Rice/rice_quality/full/grain_217.jpg,rice,A,rice_quality_broken_full_mixed,train
data/raw/Rice/rice_quality/full/grain_219.jpg,rice,A,rice_quality_broken_full_mixed,train
data/raw/Rice/rice_quality/full/grain_22.jpg,rice,A,rice_quality_broken_full_mixed,train
data/raw/Rice/rice_quality/full/grain_220.jpg,rice,A,rice_quality_broken_full_mixed,train
data/raw/Rice/rice_quality/full/grain_221.jpg,rice,A,rice_quality_broken_full_mixed,train
data/raw/Rice/rice_quality/full/grain_223.jpg,rice,A,rice_quality_broken_full_mixed,train
data/raw/Rice/rice_quality/full/grain_227.jpg,rice,A,rice_quality_broken_full_mixed,train
data/raw/Rice/rice_quality/full/grain_228.jpg,rice,A,rice_quality_broken_full_mixed,train
data/raw/Rice/rice_quality/full/grain_229.jpg,rice,A,rice_quality_broken_full_mixed,train
data/raw/Rice/rice_quality/full/grain_23.jpg,rice,A,rice_quality_broken_full_mixed,train
data/raw/Rice/rice_quality/full/grain_231.jpg,rice,A,rice_quality_broken_full_mixed,train
data/raw/Rice/rice_quality/full/grain_232.jpg,rice,A,rice_quality_broken_full_mixed,train
data/raw/Rice/rice_quality/full/grain_234.jpg,rice,A,rice_quality_broken_full_mixed,train
data/raw/Rice/rice_quality/full/grain_235.jpg,rice,A,rice_quality_broken_full_mixed,train
data/raw/Rice/rice_quality/full/grain_236.jpg,rice,A,rice_quality_broken_full_mixed,train
data/raw/Rice/rice_quality/full/grain_237.jpg,rice,A,rice_quality_broken_full_mixed,train
data/raw/Rice/rice_quality/full/grain_238.jpg,rice,A,rice_quality_broken_full_mixed,train
data/raw/Rice/rice_quality/full/grain_239.jpg,rice,A,rice_quality_broken_full_mixed,train
data/raw/Rice/rice_quality/full/grain_24.jpg,rice,A,rice_quality_broken_full_mixed,train
data/raw/Rice/rice_quality/full/grain_240.jpg,rice,A,rice_quality_broken_full_mixed,train
data/raw/Rice/rice_quality/full/grain_241.jpg,rice,A,rice_quality_broken_full_mixed,train
data/raw/Rice/rice_quality/full/grain_242.jpg,rice,A,rice_quality_broken_full_mixed,train
data/raw/Rice/rice_quality/full/grain_243.jpg,rice,A,rice_quality_broken_full_mixed,train
data/raw/Rice/rice_quality/full/grain_244.jpg,rice,A,rice_quality_broken_full_mixed,train
data/raw/Rice/rice_quality/full/grain_246.jpg,rice,A,rice_quality_broken_full_mixed,train
data/raw/Rice/rice_quality/full/grain_247.jpg,rice,A,rice_quality_broken_full_mixed,train
data/raw/Rice/rice_quality/full/grain_248.jpg,rice,A,rice_quality_broken_full_mixed,train
data/raw/Rice/rice_quality/full/grain_25.jpg,rice,A,rice_quality_broken_full_mixed,train
data/raw/Rice/rice_quality/full/grain_250.jpg,rice,A,rice_quality_broken_full_mixed,train
data/raw/Rice/rice_quality/full/grain_251.jpg,rice,A,rice_quality_broken_full_mixed,train
data/raw/Rice/rice_quality/full/grain_253.jpg,rice,A,rice_quality_broken_full_mixed,train
data/raw/Rice/rice_quality/full/grain_255.jpg,rice,A,rice_quality_broken_full_mixed,train
data/raw/Rice/rice_quality/full/grain_258.jpg,rice,A,rice_quality_broken_full_mixed,train
data/raw/Rice/rice_quality/full/grain_259.jpg,rice,A,rice_quality_broken_full_mixed,train
data/raw/Rice/rice_quality/full/grain_260.jpg,rice,A,rice_quality_broken_full_mixed,train
data/raw/Rice/rice_quality/full/grain_262.jpg,rice,A,rice_quality_broken_full_mixed,train
data/raw/Rice/rice_quality/full/grain_263.jpg,rice,A,rice_quality_broken_full_mixed,train
data/raw/Rice/rice_quality/full/grain_264.jpg,rice,A,rice_quality_broken_full_mixed,train
data/raw/Rice/rice_quality/full/grain_265.jpg,rice,A,rice_quality_broken_full_mixed,train
data/raw/Rice/rice_quality/full/grain_266.jpg,rice,A,rice_quality_broken_full_mixed,train
data/raw/Rice/rice_quality/full/grain_268.jpg,rice,A,rice_quality_broken_full_mixed,train
data/raw/Rice/rice_quality/full/grain_269.jpg,rice,A,rice_quality_broken_full_mixed,train
data/raw/Rice/rice_quality/full/grain_27.jpg,rice,A,rice_quality_broken_full_mixed,train
data/raw/Rice/rice_quality/full/grain_270.jpg,rice,A,rice_quality_broken_full_mixed,train
data/raw/Rice/rice_quality/full/grain_273.jpg,rice,A,rice_quality_broken_full_mixed,train
data/raw/Rice/rice_quality/full/grain_277.jpg,rice,A,rice_quality_broken_full_mixed,train
data/raw/Rice/rice_quality/full/grain_278.jpg,rice,A,rice_quality_broken_full_mixed,train
data/raw/Rice/rice_quality/full/grain_28.jpg,rice,A,rice_quality_broken_full_mixed,train
data/raw/Rice/rice_quality/full/grain_280.jpg,rice,A,rice_quality_broken_full_mixed,train
data/raw/Rice/rice_quality/full/grain_281.jpg,rice,A,rice_quality_broken_full_mixed,train
data/raw/Rice/rice_quality/full/grain_282.jpg,rice,A,rice_quality_broken_full_mixed,train
data/raw/Rice/rice_quality/full/grain_283.jpg,rice,A,rice_quality_broken_full_mixed,train
data/raw/Rice/rice_quality/full/grain_284.jpg,rice,A,rice_quality_broken_full_mixed,train
data/raw/Rice/rice_quality/full/grain_285.jpg,rice,A,rice_quality_broken_full_mixed,train
data/raw/Rice/rice_quality/full/grain_286.jpg,rice,A,rice_quality_broken_full_mixed,train
data/raw/Rice/rice_quality/full/grain_288.jpg,rice,A,rice_quality_broken_full_mixed,train
data/raw/Rice/rice_quality/full/grain_289.jpg,rice,A,rice_quality_broken_full_mixed,train
data/raw/Rice/rice_quality/full/grain_29.jpg,rice,A,rice_quality_broken_full_mixed,train
data/raw/Rice/rice_quality/full/grain_291.jpg,rice,A,rice_quality_broken_full_mixed,train
data/raw/Rice/rice_quality/full/grain_292.jpg,rice,A,rice_quality_broken_full_mixed,train
data/raw/Rice/rice_quality/full/grain_295.jpg,rice,A,rice_quality_broken_full_mixed,train
data/raw/Rice/rice_quality/full/grain_296.jpg,rice,A,rice_quality_broken_full_mixed,train
data/raw/Rice/rice_quality/full/grain_297.jpg,rice,A,rice_quality_broken_full_mixed,train
data/raw/Rice/rice_quality/full/grain_30.jpg,rice,A,rice_quality_broken_full_mixed,train
data/raw/Rice/rice_quality/full/grain_300.jpg,rice,A,rice_quality_broken_full_mixed,train
data/raw/Rice/rice_quality/full/grain_301.jpg,rice,A,rice_quality_broken_full_mixed,train
data/raw/Rice/rice_quality/full/grain_302.jpg,rice,A,rice_quality_broken_full_mixed,train
data/raw/Rice/rice_quality/full/grain_303.jpg,rice,A,rice_quality_broken_full_mixed,train
data/raw/Rice/rice_quality/full/grain_304.jpg,rice,A,rice_quality_broken_full_mixed,train
data/raw/Rice/rice_quality/full/grain_305.jpg,rice,A,rice_quality_broken_full_mixed,train
data/raw/Rice/rice_quality/full/grain_306.jpg,rice,A,rice_quality_broken_full_mixed,train
data/raw/Rice/rice_quality/full/grain_307.jpg,rice,A,rice_quality_broken_full_mixed,train
data/raw/Rice/rice_quality/full/grain_308.jpg,rice,A,rice_quality_broken_full_mixed,train
data/raw/Rice/rice_quality/full/grain_309.jpg,rice,A,rice_quality_broken_full_mixed,train
data/raw/Rice/rice_quality/full/grain_31.jpg,rice,A,rice_quality_broken_full_mixed,train
data/raw/Rice/rice_quality/full/grain_310.jpg,rice,A,rice_quality_broken_full_mixed,train
data/raw/Rice/rice_quality/full/grain_311.jpg,rice,A,rice_quality_broken_full_mixed,train
data/raw/Rice/rice_quality/full/grain_312.jpg,rice,A,rice_quality_broken_full_mixed,train
data/raw/Rice/rice_quality/full/grain_313.jpg,rice,A,rice_quality_broken_full_mixed,train
data/raw/Rice/rice_quality/full/grain_314.jpg,rice,A,rice_quality_broken_full_mixed,train
data/raw/Rice/rice_quality/full/grain_315.jpg,rice,A,rice_quality_broken_full_mixed,train
data/raw/Rice/rice_quality/full/grain_317.jpg,rice,A,rice_quality_broken_full_mixed,train
data/raw/Rice/rice_quality/full/grain_318.jpg,rice,A,rice_quality_broken_full_mixed,train
data/raw/Rice/rice_quality/full/grain_319.jpg,rice,A,rice_quality_broken_full_mixed,train
data/raw/Rice/rice_quality/full/grain_320.jpg,rice,A,rice_quality_broken_full_mixed,train
data/raw/Rice/rice_quality/full/grain_322.jpg,rice,A,rice_quality_broken_full_mixed,train
data/raw/Rice/rice_quality/full/grain_323.jpg,rice,A,rice_quality_broken_full_mixed,train
data/raw/Rice/rice_quality/full/grain_326.jpg,rice,A,rice_quality_broken_full_mixed,train
data/raw/Rice/rice_quality/full/grain_329.jpg,rice,A,rice_quality_broken_full_mixed,train
data/raw/Rice/rice_quality/full/grain_330.jpg,rice,A,rice_quality_broken_full_mixed,train
data/raw/Rice/rice_quality/full/grain_332.jpg,rice,A,rice_quality_broken_full_mixed,train
data/raw/Rice/rice_quality/full/grain_334.jpg,rice,A,rice_quality_broken_full_mixed,train
data/raw/Rice/rice_quality/full/grain_335.jpg,rice,A,rice_quality_broken_full_mixed,train
data/raw/Rice/rice_quality/full/grain_336.jpg,rice,A,rice_quality_broken_full_mixed,train
data/raw/Rice/rice_quality/full/grain_337.jpg,rice,A,rice_quality_broken_full_mixed,train
data/raw/Rice/rice_quality/full/grain_338.jpg,rice,A,rice_quality_broken_full_mixed,train
data/raw/Rice/rice_quality/full/grain_339.jpg,rice,A,rice_quality_broken_full_mixed,train
data/raw/Rice/rice_quality/full/grain_341.jpg,rice,A,rice_quality_broken_full_mixed,train
data/raw/Rice/rice_quality/full/grain_343.jpg,rice,A,rice_quality_broken_full_mixed,train
data/raw/Rice/rice_quality/full/grain_344.jpg,rice,A,rice_quality_broken_full_mixed,train
data/raw/Rice/rice_quality/full/grain_346.jpg,rice,A,rice_quality_broken_full_mixed,train
data/raw/Rice/rice_quality/full/grain_347.jpg,rice,A,rice_quality_broken_full_mixed,train
data/raw/Rice/rice_quality/full/grain_349.jpg,rice,A,rice_quality_broken_full_mixed,train
data/raw/Rice/rice_quality/full/grain_35.jpg,rice,A,rice_quality_broken_full_mixed,train
data/raw/Rice/rice_quality/full/grain_353.jpg,rice,A,rice_quality_broken_full_mixed,train
data/raw/Rice/rice_quality/full/grain_354.jpg,rice,A,rice_quality_broken_full_mixed,train
data/raw/Rice/rice_quality/full/grain_356.jpg,rice,A,rice_quality_broken_full_mixed,train
data/raw/Rice/rice_quality/full/grain_357.jpg,rice,A,rice_quality_broken_full_mixed,train
data/raw/Rice/rice_quality/full/grain_36.jpg,rice,A,rice_quality_broken_full_mixed,train
data/raw/Rice/rice_quality/full/grain_361.jpg,rice,A,rice_quality_broken_full_mixed,train
data/raw/Rice/rice_quality/full/grain_362.jpg,rice,A,rice_quality_broken_full_mixed,train
data/raw/Rice/rice_quality/full/grain_364.jpg,rice,A,rice_quality_broken_full_mixed,train
data/raw/Rice/rice_quality/full/grain_365.jpg,rice,A,rice_quality_broken_full_mixed,train
data/raw/Rice/rice_quality/full/grain_366.jpg,rice,A,rice_quality_broken_full_mixed,train
data/raw/Rice/rice_quality/full/grain_368.jpg,rice,A,rice_quality_broken_full_mixed,train
data/raw/Rice/rice_quality/full/grain_369.jpg,rice,A,rice_quality_broken_full_mixed,train
data/raw/Rice/rice_quality/full/grain_37.jpg,rice,A,rice_quality_broken_full_mixed,train
data/raw/Rice/rice_quality/full/grain_370.jpg,rice,A,rice_quality_broken_full_mixed,train
data/raw/Rice/rice_quality/full/grain_371.jpg,rice,A,rice_quality_broken_full_mixed,train
data/raw/Rice/rice_quality/full/grain_372.jpg,rice,A,rice_quality_broken_full_mixed,train
data/raw/Rice/rice_quality/full/grain_373.jpg,rice,A,rice_quality_broken_full_mixed,train
data/raw/Rice/rice_quality/full/grain_374.jpg,rice,A,rice_quality_broken_full_mixed,train
data/raw/Rice/rice_quality/full/grain_375.jpg,rice,A,rice_quality_broken_full_mixed,train
data/raw/Rice/rice_quality/full/grain_377.jpg,rice,A,rice_quality_broken_full_mixed,train
data/raw/Rice/rice_quality/full/grain_378.jpg,rice,A,rice_quality_broken_full_mixed,train
data/raw/Rice/rice_quality/full/grain_379.jpg,rice,A,rice_quality_broken_full_mixed,train
data/raw/Rice/rice_quality/full/grain_380.jpg,rice,A,rice_quality_broken_full_mixed,train
data/raw/Rice/rice_quality/full/grain_381.jpg,rice,A,rice_quality_broken_full_mixed,train
data/raw/Rice/rice_quality/full/grain_383.jpg,rice,A,rice_quality_broken_full_mixed,train
data/raw/Rice/rice_quality/full/grain_384.jpg,rice,A,rice_quality_broken_full_mixed,train
data/raw/Rice/rice_quality/full/grain_386.jpg,rice,A,rice_quality_broken_full_mixed,train
data/raw/Rice/rice_quality/full/grain_388.jpg,rice,A,rice_quality_broken_full_mixed,train
data/raw/Rice/rice_quality/full/grain_389.jpg,rice,A,rice_quality_broken_full_mixed,train
data/raw/Rice/rice_quality/full/grain_39.jpg,rice,A,rice_quality_broken_full_mixed,train
data/raw/Rice/rice_quality/full/grain_391.jpg,rice,A,rice_quality_broken_full_mixed,train
data/raw/Rice/rice_quality/full/grain_392.jpg,rice,A,rice_quality_broken_full_mixed,train
data/raw/Rice/rice_quality/full/grain_394.jpg,rice,A,rice_quality_broken_full_mixed,train
data/raw/Rice/rice_quality/full/grain_395.jpg,rice,A,rice_quality_broken_full_mixed,train
data/raw/Rice/rice_quality/full/grain_396.jpg,rice,A,rice_quality_broken_full_mixed,train
data/raw/Rice/rice_quality/full/grain_397.jpg,rice,A,rice_quality_broken_full_mixed,train
data/raw/Rice/rice_quality/full/grain_398.jpg,rice,A,rice_quality_broken_full_mixed,train
data/raw/Rice/rice_quality/full/grain_399.jpg,rice,A,rice_quality_broken_full_mixed,train
data/raw/Rice/rice_quality/full/grain_4.jpg,rice,A,rice_quality_broken_full_mixed,train
data/raw/Rice/rice_quality/full/grain_40.jpg,rice,A,rice_quality_broken_full_mixed,train
data/raw/Rice/rice_quality/full/grain_400.jpg,rice,A,rice_quality_broken_full_mixed,train
data/raw/Rice/rice_quality/full/grain_401.jpg,rice,A,rice_quality_broken_full_mixed,train
data/raw/Rice/rice_quality/full/grain_403.jpg,rice,A,rice_quality_broken_full_mixed,train
data/raw/Rice/rice_quality/full/grain_404.jpg,rice,A,rice_quality_broken_full_mixed,train
data/raw/Rice/rice_quality/full/grain_405.jpg,rice,A,rice_quality_broken_full_mixed,train
data/raw/Rice/rice_quality/full/grain_406.jpg,rice,A,rice_quality_broken_full_mixed,train
data/raw/Rice/rice_quality/full/grain_408.jpg,rice,A,rice_quality_broken_full_mixed,train
data/raw/Rice/rice_quality/full/grain_41.jpg,rice,A,rice_quality_broken_full_mixed,train
data/raw/Rice/rice_quality/full/grain_410.jpg,rice,A,rice_quality_broken_full_mixed,train
data/raw/Rice/rice_quality/full/grain_411.jpg,rice,A,rice_quality_broken_full_mixed,train
data/raw/Rice/rice_quality/full/grain_412.jpg,rice,A,rice_quality_broken_full_mixed,train
data/raw/Rice/rice_quality/full/grain_413.jpg,rice,A,rice_quality_broken_full_mixed,train
data/raw/Rice/rice_quality/full/grain_415.jpg,rice,A,rice_quality_broken_full_mixed,train
data/raw/Rice/rice_quality/full/grain_417.jpg,rice,A,rice_quality_broken_full_mixed,train
data/raw/Rice/rice_quality/full/grain_418.jpg,rice,A,rice_quality_broken_full_mixed,train
data/raw/Rice/rice_quality/full/grain_42.jpg,rice,A,rice_quality_broken_full_mixed,train
data/raw/Rice/rice_quality/full/grain_420.jpg,rice,A,rice_quality_broken_full_mixed,train
data/raw/Rice/rice_quality/full/grain_421.jpg,rice,A,rice_quality_broken_full_mixed,train
data/raw/Rice/rice_quality/full/grain_422.jpg,rice,A,rice_quality_broken_full_mixed,train
data/raw/Rice/rice_quality/full/grain_423.jpg,rice,A,rice_quality_broken_full_mixed,train
data/raw/Rice/rice_quality/full/grain_425.jpg,rice,A,rice_quality_broken_full_mixed,train
data/raw/Rice/rice_quality/full/grain_426.jpg,rice,A,rice_quality_broken_full_mixed,train
data/raw/Rice/rice_quality/full/grain_427.jpg,rice,A,rice_quality_broken_full_mixed,train
data/raw/Rice/rice_quality/full/grain_429.jpg,rice,A,rice_quality_broken_full_mixed,train
data/raw/Rice/rice_quality/full/grain_431.jpg,rice,A,rice_quality_broken_full_mixed,train
data/raw/Rice/rice_quality/full/grain_432.jpg,rice,A,rice_quality_broken_full_mixed,train
data/raw/Rice/rice_quality/full/grain_433.jpg,rice,A,rice_quality_broken_full_mixed,train
data/raw/Rice/rice_quality/full/grain_434.jpg,rice,A,rice_quality_broken_full_mixed,train
data/raw/Rice/rice_quality/full/grain_436.jpg,rice,A,rice_quality_broken_full_mixed,train
data/raw/Rice/rice_quality/full/grain_437.jpg,rice,A,rice_quality_broken_full_mixed,train
data/raw/Rice/rice_quality/full/grain_44.jpg,rice,A,rice_quality_broken_full_mixed,train
data/raw/Rice/rice_quality/full/grain_440.jpg,rice,A,rice_quality_broken_full_mixed,train
data/raw/Rice/rice_quality/full/grain_441.jpg,rice,A,rice_quality_broken_full_mixed,train
data/raw/Rice/rice_quality/full/grain_443.jpg,rice,A,rice_quality_broken_full_mixed,train
data/raw/Rice/rice_quality/full/grain_444.jpg,rice,A,rice_quality_broken_full_mixed,train
data/raw/Rice/rice_quality/full/grain_445.jpg,rice,A,rice_quality_broken_full_mixed,train
data/raw/Rice/rice_quality/full/grain_446.jpg,rice,A,rice_quality_broken_full_mixed,train
data/raw/Rice/rice_quality/full/grain_447.jpg,rice,A,rice_quality_broken_full_mixed,train
data/raw/Rice/rice_quality/full/grain_448.jpg,rice,A,rice_quality_broken_full_mixed,train
data/raw/Rice/rice_quality/full/grain_450.jpg,rice,A,rice_quality_broken_full_mixed,train
data/raw/Rice/rice_quality/full/grain_451.jpg,rice,A,rice_quality_broken_full_mixed,train
data/raw/Rice/rice_quality/full/grain_453.jpg,rice,A,rice_quality_broken_full_mixed,train
data/raw/Rice/rice_quality/full/grain_454.jpg,rice,A,rice_quality_broken_full_mixed,train
data/raw/Rice/rice_quality/full/grain_459.jpg,rice,A,rice_quality_broken_full_mixed,train
data/raw/Rice/rice_quality/full/grain_460.jpg,rice,A,rice_quality_broken_full_mixed,train
data/raw/Rice/rice_quality/full/grain_462.jpg,rice,A,rice_quality_broken_full_mixed,train
data/raw/Rice/rice_quality/full/grain_463.jpg,rice,A,rice_quality_broken_full_mixed,train
data/raw/Rice/rice_quality/full/grain_466.jpg,rice,A,rice_quality_broken_full_mixed,train
data/raw/Rice/rice_quality/full/grain_468.jpg,rice,A,rice_quality_broken_full_mixed,train
data/raw/Rice/rice_quality/full/grain_469.jpg,rice,A,rice_quality_broken_full_mixed,train
data/raw/Rice/rice_quality/full/grain_47.jpg,rice,A,rice_quality_broken_full_mixed,train
data/raw/Rice/rice_quality/full/grain_470.jpg,rice,A,rice_quality_broken_full_mixed,train
data/raw/Rice/rice_quality/full/grain_471.jpg,rice,A,rice_quality_broken_full_mixed,train
data/raw/Rice/rice_quality/full/grain_472.jpg,rice,A,rice_quality_broken_full_mixed,train
data/raw/Rice/rice_quality/full/grain_473.jpg,rice,A,rice_quality_broken_full_mixed,train
data/raw/Rice/rice_quality/full/grain_474.jpg,rice,A,rice_quality_broken_full_mixed,train
data/raw/Rice/rice_quality/full/grain_475.jpg,rice,A,rice_quality_broken_full_mixed,train
data/raw/Rice/rice_quality/full/grain_476.jpg,rice,A,rice_quality_broken_full_mixed,train
data/raw/Rice/rice_quality/full/grain_477.jpg,rice,A,rice_quality_broken_full_mixed,train
data/raw/Rice/rice_quality/full/grain_478.jpg,rice,A,rice_quality_broken_full_mixed,train
data/raw/Rice/rice_quality/full/grain_479.jpg,rice,A,rice_quality_broken_full_mixed,train
data/raw/Rice/rice_quality/full/grain_480.jpg,rice,A,rice_quality_broken_full_mixed,train
data/raw/Rice/rice_quality/full/grain_481.jpg,rice,A,rice_quality_broken_full_mixed,train
data/raw/Rice/rice_quality/full/grain_482.jpg,rice,A,rice_quality_broken_full_mixed,train
data/raw/Rice/rice_quality/full/grain_484.jpg,rice,A,rice_quality_broken_full_mixed,train
data/raw/Rice/rice_quality/full/grain_486.jpg,rice,A,rice_quality_broken_full_mixed,train
data/raw/Rice/rice_quality/full/grain_487.jpg,rice,A,rice_quality_broken_full_mixed,train
data/raw/Rice/rice_quality/full/grain_488.jpg,rice,A,rice_quality_broken_full_mixed,train
data/raw/Rice/rice_quality/full/grain_49.jpg,rice,A,rice_quality_broken_full_mixed,train
data/raw/Rice/rice_quality/full/grain_490.jpg,rice,A,rice_quality_broken_full_mixed,train
data/raw/Rice/rice_quality/full/grain_492.jpg,rice,A,rice_quality_broken_full_mixed,train
data/raw/Rice/rice_quality/full/grain_494.jpg,rice,A,rice_quality_broken_full_mixed,train
data/raw/Rice/rice_quality/full/grain_495.jpg,rice,A,rice_quality_broken_full_mixed,train
data/raw/Rice/rice_quality/full/grain_496.jpg,rice,A,rice_quality_broken_full_mixed,train
data/raw/Rice/rice_quality/full/grain_497.jpg,rice,A,rice_quality_broken_full_mixed,train
data/raw/Rice/rice_quality/full/grain_499.jpg,rice,A,rice_quality_broken_full_mixed,train
data/raw/Rice/rice_quality/full/grain_5.jpg,rice,A,rice_quality_broken_full_mixed,train
data/raw/Rice/rice_quality/full/grain_50.jpg,rice,A,rice_quality_broken_full_mixed,train
data/raw/Rice/rice_quality/full/grain_500.jpg,rice,A,rice_quality_broken_full_mixed,train
data/raw/Rice/rice_quality/full/grain_501.jpg,rice,A,rice_quality_broken_full_mixed,train
data/raw/Rice/rice_quality/full/grain_502.jpg,rice,A,rice_quality_broken_full_mixed,train
data/raw/Rice/rice_quality/full/grain_503.jpg,rice,A,rice_quality_broken_full_mixed,train
data/raw/Rice/rice_quality/full/grain_504.jpg,rice,A,rice_quality_broken_full_mixed,train
data/raw/Rice/rice_quality/full/grain_505.jpg,rice,A,rice_quality_broken_full_mixed,train
data/raw/Rice/rice_quality/full/grain_506.jpg,rice,A,rice_quality_broken_full_mixed,train
data/raw/Rice/rice_quality/full/grain_509.jpg,rice,A,rice_quality_broken_full_mixed,train
data/raw/Rice/rice_quality/full/grain_51.jpg,rice,A,rice_quality_broken_full_mixed,train
data/raw/Rice/rice_quality/full/grain_510.jpg,rice,A,rice_quality_broken_full_mixed,train
data/raw/Rice/rice_quality/full/grain_511.jpg,rice,A,rice_quality_broken_full_mixed,train
data/raw/Rice/rice_quality/full/grain_514.jpg,rice,A,rice_quality_broken_full_mixed,train
data/raw/Rice/rice_quality/full/grain_515.jpg,rice,A,rice_quality_broken_full_mixed,train
data/raw/Rice/rice_quality/full/grain_518.jpg,rice,A,rice_quality_broken_full_mixed,train
data/raw/Rice/rice_quality/full/grain_519.jpg,rice,A,rice_quality_broken_full_mixed,train
data/raw/Rice/rice_quality/full/grain_52.jpg,rice,A,rice_quality_broken_full_mixed,train
data/raw/Rice/rice_quality/full/grain_520.jpg,rice,A,rice_quality_broken_full_mixed,train
data/raw/Rice/rice_quality/full/grain_521.jpg,rice,A,rice_quality_broken_full_mixed,train
data/raw/Rice/rice_quality/full/grain_523.jpg,rice,A,rice_quality_broken_full_mixed,train
data/raw/Rice/rice_quality/full/grain_524.jpg,rice,A,rice_quality_broken_full_mixed,train
data/raw/Rice/rice_quality/full/grain_526.jpg,rice,A,rice_quality_broken_full_mixed,train
data/raw/Rice/rice_quality/full/grain_529.jpg,rice,A,rice_quality_broken_full_mixed,train
data/raw/Rice/rice_quality/full/grain_53.jpg,rice,A,rice_quality_broken_full_mixed,train
data/raw/Rice/rice_quality/full/grain_530.jpg,rice,A,rice_quality_broken_full_mixed,train
data/raw/Rice/rice_quality/full/grain_531.jpg,rice,A,rice_quality_broken_full_mixed,train
data/raw/Rice/rice_quality/full/grain_532.jpg,rice,A,rice_quality_broken_full_mixed,train
data/raw/Rice/rice_quality/full/grain_533.jpg,rice,A,rice_quality_broken_full_mixed,train
data/raw/Rice/rice_quality/full/grain_534.jpg,rice,A,rice_quality_broken_full_mixed,train
data/raw/Rice/rice_quality/full/grain_535.jpg,rice,A,rice_quality_broken_full_mixed,train
data/raw/Rice/rice_quality/full/grain_536.jpg,rice,A,rice_quality_broken_full_mixed,train
data/raw/Rice/rice_quality/full/grain_538.jpg,rice,A,rice_quality_broken_full_mixed,train
data/raw/Rice/rice_quality/full/grain_539.jpg,rice,A,rice_quality_broken_full_mixed,train
data/raw/Rice/rice_quality/full/grain_540.jpg,rice,A,rice_quality_broken_full_mixed,train
data/raw/Rice/rice_quality/full/grain_541.jpg,rice,A,rice_quality_broken_full_mixed,train
data/raw/Rice/rice_quality/full/grain_542.jpg,rice,A,rice_quality_broken_full_mixed,train
data/raw/Rice/rice_quality/full/grain_543.jpg,rice,A,rice_quality_broken_full_mixed,train
data/raw/Rice/rice_quality/full/grain_544.jpg,rice,A,rice_quality_broken_full_mixed,train
data/raw/Rice/rice_quality/full/grain_548.jpg,rice,A,rice_quality_broken_full_mixed,train
data/raw/Rice/rice_quality/full/grain_549.jpg,rice,A,rice_quality_broken_full_mixed,train
data/raw/Rice/rice_quality/full/grain_55.jpg,rice,A,rice_quality_broken_full_mixed,train
data/raw/Rice/rice_quality/full/grain_551.jpg,rice,A,rice_quality_broken_full_mixed,train
data/raw/Rice/rice_quality/full/grain_552.jpg,rice,A,rice_quality_broken_full_mixed,train
data/raw/Rice/rice_quality/full/grain_553.jpg,rice,A,rice_quality_broken_full_mixed,train
data/raw/Rice/rice_quality/full/grain_554.jpg,rice,A,rice_quality_broken_full_mixed,train
data/raw/Rice/rice_quality/full/grain_557.jpg,rice,A,rice_quality_broken_full_mixed,train
data/raw/Rice/rice_quality/full/grain_559.jpg,rice,A,rice_quality_broken_full_mixed,train
data/raw/Rice/rice_quality/full/grain_560.jpg,rice,A,rice_quality_broken_full_mixed,train
data/raw/Rice/rice_quality/full/grain_561.jpg,rice,A,rice_quality_broken_full_mixed,train
data/raw/Rice/rice_quality/full/grain_562.jpg,rice,A,rice_quality_broken_full_mixed,train
data/raw/Rice/rice_quality/full/grain_563.jpg,rice,A,rice_quality_broken_full_mixed,train
data/raw/Rice/rice_quality/full/grain_564.jpg,rice,A,rice_quality_broken_full_mixed,train
data/raw/Rice/rice_quality/full/grain_565.jpg,rice,A,rice_quality_broken_full_mixed,train
data/raw/Rice/rice_quality/full/grain_567.jpg,rice,A,rice_quality_broken_full_mixed,train
data/raw/Rice/rice_quality/full/grain_568.jpg,rice,A,rice_quality_broken_full_mixed,train
data/raw/Rice/rice_quality/full/grain_569.jpg,rice,A,rice_quality_broken_full_mixed,train
data/raw/Rice/rice_quality/full/grain_573.jpg,rice,A,rice_quality_broken_full_mixed,train
data/raw/Rice/rice_quality/full/grain_574.jpg,rice,A,rice_quality_broken_full_mixed,train
data/raw/Rice/rice_quality/full/grain_576.jpg,rice,A,rice_quality_broken_full_mixed,train
data/raw/Rice/rice_quality/full/grain_577.jpg,rice,A,rice_quality_broken_full_mixed,train
data/raw/Rice/rice_quality/full/grain_58.jpg,rice,A,rice_quality_broken_full_mixed,train
data/raw/Rice/rice_quality/full/grain_580.jpg,rice,A,rice_quality_broken_full_mixed,train
data/raw/Rice/rice_quality/full/grain_581.jpg,rice,A,rice_quality_broken_full_mixed,train
data/raw/Rice/rice_quality/full/grain_582.jpg,rice,A,rice_quality_broken_full_mixed,train
data/raw/Rice/rice_quality/full/grain_584.jpg,rice,A,rice_quality_broken_full_mixed,train
data/raw/Rice/rice_quality/full/grain_586.jpg,rice,A,rice_quality_broken_full_mixed,train
data/raw/Rice/rice_quality/full/grain_588.jpg,rice,A,rice_quality_broken_full_mixed,train
data/raw/Rice/rice_quality/full/grain_59.jpg,rice,A,rice_quality_broken_full_mixed,train
data/raw/Rice/rice_quality/full/grain_591.jpg,rice,A,rice_quality_broken_full_mixed,train
data/raw/Rice/rice_quality/full/grain_592.jpg,rice,A,rice_quality_broken_full_mixed,train
data/raw/Rice/rice_quality/full/grain_593.jpg,rice,A,rice_quality_broken_full_mixed,train
data/raw/Rice/rice_quality/full/grain_594.jpg,rice,A,rice_quality_broken_full_mixed,train
data/raw/Rice/rice_quality/full/grain_595.jpg,rice,A,rice_quality_broken_full_mixed,train
data/raw/Rice/rice_quality/full/grain_598.jpg,rice,A,rice_quality_broken_full_mixed,train
data/raw/Rice/rice_quality/full/grain_599.jpg,rice,A,rice_quality_broken_full_mixed,train
data/raw/Rice/rice_quality/full/grain_6.jpg,rice,A,rice_quality_broken_full_mixed,train
data/raw/Rice/rice_quality/full/grain_600.jpg,rice,A,rice_quality_broken_full_mixed,train
data/raw/Rice/rice_quality/full/grain_601.jpg,rice,A,rice_quality_broken_full_mixed,train
data/raw/Rice/rice_quality/full/grain_604.jpg,rice,A,rice_quality_broken_full_mixed,train
data/raw/Rice/rice_quality/full/grain_605.jpg,rice,A,rice_quality_broken_full_mixed,train
data/raw/Rice/rice_quality/full/grain_606.jpg,rice,A,rice_quality_broken_full_mixed,train
data/raw/Rice/rice_quality/full/grain_607.jpg,rice,A,rice_quality_broken_full_mixed,train
data/raw/Rice/rice_quality/full/grain_608.jpg,rice,A,rice_quality_broken_full_mixed,train
data/raw/Rice/rice_quality/full/grain_61.jpg,rice,A,rice_quality_broken_full_mixed,train
data/raw/Rice/rice_quality/full/grain_610.jpg,rice,A,rice_quality_broken_full_mixed,train
data/raw/Rice/rice_quality/full/grain_611.jpg,rice,A,rice_quality_broken_full_mixed,train
data/raw/Rice/rice_quality/full/grain_612.jpg,rice,A,rice_quality_broken_full_mixed,train
data/raw/Rice/rice_quality/full/grain_613.jpg,rice,A,rice_quality_broken_full_mixed,train
data/raw/Rice/rice_quality/full/grain_614.jpg,rice,A,rice_quality_broken_full_mixed,train
data/raw/Rice/rice_quality/full/grain_616.jpg,rice,A,rice_quality_broken_full_mixed,train
data/raw/Rice/rice_quality/full/grain_617.jpg,rice,A,rice_quality_broken_full_mixed,train
data/raw/Rice/rice_quality/full/grain_618.jpg,rice,A,rice_quality_broken_full_mixed,train
data/raw/Rice/rice_quality/full/grain_619.jpg,rice,A,rice_quality_broken_full_mixed,train
data/raw/Rice/rice_quality/full/grain_62.jpg,rice,A,rice_quality_broken_full_mixed,train
data/raw/Rice/rice_quality/full/grain_621.jpg,rice,A,rice_quality_broken_full_mixed,train
data/raw/Rice/rice_quality/full/grain_624.jpg,rice,A,rice_quality_broken_full_mixed,train
data/raw/Rice/rice_quality/full/grain_626.jpg,rice,A,rice_quality_broken_full_mixed,train
data/raw/Rice/rice_quality/full/grain_627.jpg,rice,A,rice_quality_broken_full_mixed,train
data/raw/Rice/rice_quality/full/grain_629.jpg,rice,A,rice_quality_broken_full_mixed,train
data/raw/Rice/rice_quality/full/grain_63.jpg,rice,A,rice_quality_broken_full_mixed,train
data/raw/Rice/rice_quality/full/grain_630.jpg,rice,A,rice_quality_broken_full_mixed,train
data/raw/Rice/rice_quality/full/grain_631.jpg,rice,A,rice_quality_broken_full_mixed,train
data/raw/Rice/rice_quality/full/grain_632.jpg,rice,A,rice_quality_broken_full_mixed,train
data/raw/Rice/rice_quality/full/grain_633.jpg,rice,A,rice_quality_broken_full_mixed,train
data/raw/Rice/rice_quality/full/grain_634.jpg,rice,A,rice_quality_broken_full_mixed,train
data/raw/Rice/rice_quality/full/grain_636.jpg,rice,A,rice_quality_broken_full_mixed,train
data/raw/Rice/rice_quality/full/grain_637.jpg,rice,A,rice_quality_broken_full_mixed,train
data/raw/Rice/rice_quality/full/grain_638.jpg,rice,A,rice_quality_broken_full_mixed,train
data/raw/Rice/rice_quality/full/grain_639.jpg,rice,A,rice_quality_broken_full_mixed,train
data/raw/Rice/rice_quality/full/grain_641.jpg,rice,A,rice_quality_broken_full_mixed,train
data/raw/Rice/rice_quality/full/grain_642.jpg,rice,A,rice_quality_broken_full_mixed,train
data/raw/Rice/rice_quality/full/grain_644.jpg,rice,A,rice_quality_broken_full_mixed,train
data/raw/Rice/rice_quality/full/grain_645.jpg,rice,A,rice_quality_broken_full_mixed,train
data/raw/Rice/rice_quality/full/grain_646.jpg,rice,A,rice_quality_broken_full_mixed,train
data/raw/Rice/rice_quality/full/grain_647.jpg,rice,A,rice_quality_broken_full_mixed,train
data/raw/Rice/rice_quality/full/grain_65.jpg,rice,A,rice_quality_broken_full_mixed,train
data/raw/Rice/rice_quality/full/grain_650.jpg,rice,A,rice_quality_broken_full_mixed,train
data/raw/Rice/rice_quality/full/grain_652.jpg,rice,A,rice_quality_broken_full_mixed,train
data/raw/Rice/rice_quality/full/grain_653.jpg,rice,A,rice_quality_broken_full_mixed,train
data/raw/Rice/rice_quality/full/grain_654.jpg,rice,A,rice_quality_broken_full_mixed,train
data/raw/Rice/rice_quality/full/grain_658.jpg,rice,A,rice_quality_broken_full_mixed,train
data/raw/Rice/rice_quality/full/grain_66.jpg,rice,A,rice_quality_broken_full_mixed,train
data/raw/Rice/rice_quality/full/grain_660.jpg,rice,A,rice_quality_broken_full_mixed,train
data/raw/Rice/rice_quality/full/grain_661.jpg,rice,A,rice_quality_broken_full_mixed,train
data/raw/Rice/rice_quality/full/grain_663.jpg,rice,A,rice_quality_broken_full_mixed,train
data/raw/Rice/rice_quality/full/grain_665.jpg,rice,A,rice_quality_broken_full_mixed,train
data/raw/Rice/rice_quality/full/grain_668.jpg,rice,A,rice_quality_broken_full_mixed,train
data/raw/Rice/rice_quality/full/grain_670.jpg,rice,A,rice_quality_broken_full_mixed,train
data/raw/Rice/rice_quality/full/grain_671.jpg,rice,A,rice_quality_broken_full_mixed,train
data/raw/Rice/rice_quality/full/grain_672.jpg,rice,A,rice_quality_broken_full_mixed,train
data/raw/Rice/rice_quality/full/grain_673.jpg,rice,A,rice_quality_broken_full_mixed,train
data/raw/Rice/rice_quality/full/grain_674.jpg,rice,A,rice_quality_broken_full_mixed,train
data/raw/Rice/rice_quality/full/grain_676.jpg,rice,A,rice_quality_broken_full_mixed,train
data/raw/Rice/rice_quality/full/grain_68.jpg,rice,A,rice_quality_broken_full_mixed,train
data/raw/Rice/rice_quality/full/grain_681.jpg,rice,A,rice_quality_broken_full_mixed,train
data/raw/Rice/rice_quality/full/grain_682.jpg,rice,A,rice_quality_broken_full_mixed,train
data/raw/Rice/rice_quality/full/grain_683.jpg,rice,A,rice_quality_broken_full_mixed,train
data/raw/Rice/rice_quality/full/grain_684.jpg,rice,A,rice_quality_broken_full_mixed,train
data/raw/Rice/rice_quality/full/grain_685.jpg,rice,A,rice_quality_broken_full_mixed,train
data/raw/Rice/rice_quality/full/grain_686.jpg,rice,A,rice_quality_broken_full_mixed,train
data/raw/Rice/rice_quality/full/grain_689.jpg,rice,A,rice_quality_broken_full_mixed,train
data/raw/Rice/rice_quality/full/grain_69.jpg,rice,A,rice_quality_broken_full_mixed,train
data/raw/Rice/rice_quality/full/grain_691.jpg,rice,A,rice_quality_broken_full_mixed,train
data/raw/Rice/rice_quality/full/grain_692.jpg,rice,A,rice_quality_broken_full_mixed,train
data/raw/Rice/rice_quality/full/grain_693.jpg,rice,A,rice_quality_broken_full_mixed,train
data/raw/Rice/rice_quality/full/grain_694.jpg,rice,A,rice_quality_broken_full_mixed,train
data/raw/Rice/rice_quality/full/grain_695.jpg,rice,A,rice_quality_broken_full_mixed,train
data/raw/Rice/rice_quality/full/grain_696.jpg,rice,A,rice_quality_broken_full_mixed,train
data/raw/Rice/rice_quality/full/grain_697.jpg,rice,A,rice_quality_broken_full_mixed,train
data/raw/Rice/rice_quality/full/grain_698.jpg,rice,A,rice_quality_broken_full_mixed,train
data/raw/Rice/rice_quality/full/grain_70.jpg,rice,A,rice_quality_broken_full_mixed,train
data/raw/Rice/rice_quality/full/grain_700.jpg,rice,A,rice_quality_broken_full_mixed,train
data/raw/Rice/rice_quality/full/grain_701.jpg,rice,A,rice_quality_broken_full_mixed,train
data/raw/Rice/rice_quality/full/grain_702.jpg,rice,A,rice_quality_broken_full_mixed,train
data/raw/Rice/rice_quality/full/grain_704.jpg,rice,A,rice_quality_broken_full_mixed,train
data/raw/Rice/rice_quality/full/grain_705.jpg,rice,A,rice_quality_broken_full_mixed,train
data/raw/Rice/rice_quality/full/grain_707.jpg,rice,A,rice_quality_broken_full_mixed,train
data/raw/Rice/rice_quality/full/grain_708.jpg,rice,A,rice_quality_broken_full_mixed,train
data/raw/Rice/rice_quality/full/grain_709.jpg,rice,A,rice_quality_broken_full_mixed,train
data/raw/Rice/rice_quality/full/grain_71.jpg,rice,A,rice_quality_broken_full_mixed,train
data/raw/Rice/rice_quality/full/grain_710.jpg,rice,A,rice_quality_broken_full_mixed,train
data/raw/Rice/rice_quality/full/grain_711.jpg,rice,A,rice_quality_broken_full_mixed,train
data/raw/Rice/rice_quality/full/grain_715.jpg,rice,A,rice_quality_broken_full_mixed,train
data/raw/Rice/rice_quality/full/grain_716.jpg,rice,A,rice_quality_broken_full_mixed,train
data/raw/Rice/rice_quality/full/grain_717.jpg,rice,A,rice_quality_broken_full_mixed,train
data/raw/Rice/rice_quality/full/grain_718.jpg,rice,A,rice_quality_broken_full_mixed,train
data/raw/Rice/rice_quality/full/grain_719.jpg,rice,A,rice_quality_broken_full_mixed,train
data/raw/Rice/rice_quality/full/grain_720.jpg,rice,A,rice_quality_broken_full_mixed,train
data/raw/Rice/rice_quality/full/grain_721.jpg,rice,A,rice_quality_broken_full_mixed,train
data/raw/Rice/rice_quality/full/grain_722.jpg,rice,A,rice_quality_broken_full_mixed,train
data/raw/Rice/rice_quality/full/grain_723.jpg,rice,A,rice_quality_broken_full_mixed,train
data/raw/Rice/rice_quality/full/grain_725.jpg,rice,A,rice_quality_broken_full_mixed,train
data/raw/Rice/rice_quality/full/grain_726.jpg,rice,A,rice_quality_broken_full_mixed,train
data/raw/Rice/rice_quality/full/grain_727.jpg,rice,A,rice_quality_broken_full_mixed,train
data/raw/Rice/rice_quality/full/grain_728.jpg,rice,A,rice_quality_broken_full_mixed,train
data/raw/Rice/rice_quality/full/grain_729.jpg,rice,A,rice_quality_broken_full_mixed,train
data/raw/Rice/rice_quality/full/grain_73.jpg,rice,A,rice_quality_broken_full_mixed,train
data/raw/Rice/rice_quality/full/grain_730.jpg,rice,A,rice_quality_broken_full_mixed,train
data/raw/Rice/rice_quality/full/grain_732.jpg,rice,A,rice_quality_broken_full_mixed,train
data/raw/Rice/rice_quality/full/grain_735.jpg,rice,A,rice_quality_broken_full_mixed,train
data/raw/Rice/rice_quality/full/grain_736.jpg,rice,A,rice_quality_broken_full_mixed,train
data/raw/Rice/rice_quality/full/grain_738.jpg,rice,A,rice_quality_broken_full_mixed,train
data/raw/Rice/rice_quality/full/grain_739.jpg,rice,A,rice_quality_broken_full_mixed,train
data/raw/Rice/rice_quality/full/grain_74.jpg,rice,A,rice_quality_broken_full_mixed,train
data/raw/Rice/rice_quality/full/grain_740.jpg,rice,A,rice_quality_broken_full_mixed,train
data/raw/Rice/rice_quality/full/grain_741.jpg,rice,A,rice_quality_broken_full_mixed,train
data/raw/Rice/rice_quality/full/grain_743.jpg,rice,A,rice_quality_broken_full_mixed,train
data/raw/Rice/rice_quality/full/grain_744.jpg,rice,A,rice_quality_broken_full_mixed,train
data/raw/Rice/rice_quality/full/grain_745.jpg,rice,A,rice_quality_broken_full_mixed,train
data/raw/Rice/rice_quality/full/grain_747.jpg,rice,A,rice_quality_broken_full_mixed,train
data/raw/Rice/rice_quality/full/grain_748.jpg,rice,A,rice_quality_broken_full_mixed,train
data/raw/Rice/rice_quality/full/grain_751.jpg,rice,A,rice_quality_broken_full_mixed,train
data/raw/Rice/rice_quality/full/grain_752.jpg,rice,A,rice_quality_broken_full_mixed,train
data/raw/Rice/rice_quality/full/grain_755.jpg,rice,A,rice_quality_broken_full_mixed,train
data/raw/Rice/rice_quality/full/grain_756.jpg,rice,A,rice_quality_broken_full_mixed,train
data/raw/Rice/rice_quality/full/grain_759.jpg,rice,A,rice_quality_broken_full_mixed,train
data/raw/Rice/rice_quality/full/grain_76.jpg,rice,A,rice_quality_broken_full_mixed,train
data/raw/Rice/rice_quality/full/grain_760.jpg,rice,A,rice_quality_broken_full_mixed,train
data/raw/Rice/rice_quality/full/grain_761.jpg,rice,A,rice_quality_broken_full_mixed,train
data/raw/Rice/rice_quality/full/grain_762.jpg,rice,A,rice_quality_broken_full_mixed,train
data/raw/Rice/rice_quality/full/grain_763.jpg,rice,A,rice_quality_broken_full_mixed,train
data/raw/Rice/rice_quality/full/grain_764.jpg,rice,A,rice_quality_broken_full_mixed,train
data/raw/Rice/rice_quality/full/grain_765.jpg,rice,A,rice_quality_broken_full_mixed,train
data/raw/Rice/rice_quality/full/grain_766.jpg,rice,A,rice_quality_broken_full_mixed,train
data/raw/Rice/rice_quality/full/grain_767.jpg,rice,A,rice_quality_broken_full_mixed,train
data/raw/Rice/rice_quality/full/grain_768.jpg,rice,A,rice_quality_broken_full_mixed,train
data/raw/Rice/rice_quality/full/grain_770.jpg,rice,A,rice_quality_broken_full_mixed,train
data/raw/Rice/rice_quality/full/grain_771.jpg,rice,A,rice_quality_broken_full_mixed,train
data/raw/Rice/rice_quality/full/grain_772.jpg,rice,A,rice_quality_broken_full_mixed,train
data/raw/Rice/rice_quality/full/grain_775.jpg,rice,A,rice_quality_broken_full_mixed,train
data/raw/Rice/rice_quality/full/grain_776.jpg,rice,A,rice_quality_broken_full_mixed,train
data/raw/Rice/rice_quality/full/grain_777.jpg,rice,A,rice_quality_broken_full_mixed,train
data/raw/Rice/rice_quality/full/grain_778.jpg,rice,A,rice_quality_broken_full_mixed,train
data/raw/Rice/rice_quality/full/grain_78.jpg,rice,A,rice_quality_broken_full_mixed,train
data/raw/Rice/rice_quality/full/grain_780.jpg,rice,A,rice_quality_broken_full_mixed,train
data/raw/Rice/rice_quality/full/grain_782.jpg,rice,A,rice_quality_broken_full_mixed,train
data/raw/Rice/rice_quality/full/grain_783.jpg,rice,A,rice_quality_broken_full_mixed,train
data/raw/Rice/rice_quality/full/grain_784.jpg,rice,A,rice_quality_broken_full_mixed,train
data/raw/Rice/rice_quality/full/grain_787.jpg,rice,A,rice_quality_broken_full_mixed,train
data/raw/Rice/rice_quality/full/grain_788.jpg,rice,A,rice_quality_broken_full_mixed,train
data/raw/Rice/rice_quality/full/grain_789.jpg,rice,A,rice_quality_broken_full_mixed,train
data/raw/Rice/rice_quality/full/grain_790.jpg,rice,A,rice_quality_broken_full_mixed,train
data/raw/Rice/rice_quality/full/grain_792.jpg,rice,A,rice_quality_broken_full_mixed,train
data/raw/Rice/rice_quality/full/grain_794.jpg,rice,A,rice_quality_broken_full_mixed,train
data/raw/Rice/rice_quality/full/grain_796.jpg,rice,A,rice_quality_broken_full_mixed,train
data/raw/Rice/rice_quality/full/grain_797.jpg,rice,A,rice_quality_broken_full_mixed,train
data/raw/Rice/rice_quality/full/grain_798.jpg,rice,A,rice_quality_broken_full_mixed,train
data/raw/Rice/rice_quality/full/grain_799.jpg,rice,A,rice_quality_broken_full_mixed,train
data/raw/Rice/rice_quality/full/grain_8.jpg,rice,A,rice_quality_broken_full_mixed,train
data/raw/Rice/rice_quality/full/grain_80.jpg,rice,A,rice_quality_broken_full_mixed,train
data/raw/Rice/rice_quality/full/grain_801.jpg,rice,A,rice_quality_broken_full_mixed,train
data/raw/Rice/rice_quality/full/grain_803.jpg,rice,A,rice_quality_broken_full_mixed,train
data/raw/Rice/rice_quality/full/grain_804.jpg,rice,A,rice_quality_broken_full_mixed,train
data/raw/Rice/rice_quality/full/grain_806.jpg,rice,A,rice_quality_broken_full_mixed,train
data/raw/Rice/rice_quality/full/grain_807.jpg,rice,A,rice_quality_broken_full_mixed,train
data/raw/Rice/rice_quality/full/grain_808.jpg,rice,A,rice_quality_broken_full_mixed,train
data/raw/Rice/rice_quality/full/grain_809.jpg,rice,A,rice_quality_broken_full_mixed,train
data/raw/Rice/rice_quality/full/grain_81.jpg,rice,A,rice_quality_broken_full_mixed,train
data/raw/Rice/rice_quality/full/grain_811.jpg,rice,A,rice_quality_broken_full_mixed,train
data/raw/Rice/rice_quality/full/grain_812.jpg,rice,A,rice_quality_broken_full_mixed,train
data/raw/Rice/rice_quality/full/grain_815.jpg,rice,A,rice_quality_broken_full_mixed,train
data/raw/Rice/rice_quality/full/grain_817.jpg,rice,A,rice_quality_broken_full_mixed,train
data/raw/Rice/rice_quality/full/grain_818.jpg,rice,A,rice_quality_broken_full_mixed,train
data/raw/Rice/rice_quality/full/grain_819.jpg,rice,A,rice_quality_broken_full_mixed,train
data/raw/Rice/rice_quality/full/grain_82.jpg,rice,A,rice_quality_broken_full_mixed,train
data/raw/Rice/rice_quality/full/grain_820.jpg,rice,A,rice_quality_broken_full_mixed,train
data/raw/Rice/rice_quality/full/grain_821.jpg,rice,A,rice_quality_broken_full_mixed,train
data/raw/Rice/rice_quality/full/grain_822.jpg,rice,A,rice_quality_broken_full_mixed,train
data/raw/Rice/rice_quality/full/grain_823.jpg,rice,A,rice_quality_broken_full_mixed,train
data/raw/Rice/rice_quality/full/grain_824.jpg,rice,A,rice_quality_broken_full_mixed,train
data/raw/Rice/rice_quality/full/grain_825.jpg,rice,A,rice_quality_broken_full_mixed,train
data/raw/Rice/rice_quality/full/grain_827.jpg,rice,A,rice_quality_broken_full_mixed,train
data/raw/Rice/rice_quality/full/grain_828.jpg,rice,A,rice_quality_broken_full_mixed,train
data/raw/Rice/rice_quality/full/grain_829.jpg,rice,A,rice_quality_broken_full_mixed,train
data/raw/Rice/rice_quality/full/grain_83.jpg,rice,A,rice_quality_broken_full_mixed,train
data/raw/Rice/rice_quality/full/grain_830.jpg,rice,A,rice_quality_broken_full_mixed,train
data/raw/Rice/rice_quality/full/grain_831.jpg,rice,A,rice_quality_broken_full_mixed,train
data/raw/Rice/rice_quality/full/grain_833.jpg,rice,A,rice_quality_broken_full_mixed,train
data/raw/Rice/rice_quality/full/grain_834.jpg,rice,A,rice_quality_broken_full_mixed,train
data/raw/Rice/rice_quality/full/grain_836.jpg,rice,A,rice_quality_broken_full_mixed,train
data/raw/Rice/rice_quality/full/grain_837.jpg,rice,A,rice_quality_broken_full_mixed,train
data/raw/Rice/rice_quality/full/grain_838.jpg,rice,A,rice_quality_broken_full_mixed,train
data/raw/Rice/rice_quality/full/grain_839.jpg,rice,A,rice_quality_broken_full_mixed,train
data/raw/Rice/rice_quality/full/grain_84.jpg,rice,A,rice_quality_broken_full_mixed,train
data/raw/Rice/rice_quality/full/grain_842.jpg,rice,A,rice_quality_broken_full_mixed,train
data/raw/Rice/rice_quality/full/grain_843.jpg,rice,A,rice_quality_broken_full_mixed,train
data/raw/Rice/rice_quality/full/grain_844.jpg,rice,A,rice_quality_broken_full_mixed,train
data/raw/Rice/rice_quality/full/grain_847.jpg,rice,A,rice_quality_broken_full_mixed,train
data/raw/Rice/rice_quality/full/grain_848.jpg,rice,A,rice_quality_broken_full_mixed,train
data/raw/Rice/rice_quality/full/grain_849.jpg,rice,A,rice_quality_broken_full_mixed,train
data/raw/Rice/rice_quality/full/grain_850.jpg,rice,A,rice_quality_broken_full_mixed,train
data/raw/Rice/rice_quality/full/grain_851.jpg,rice,A,rice_quality_broken_full_mixed,train
data/raw/Rice/rice_quality/full/grain_852.jpg,rice,A,rice_quality_broken_full_mixed,train
data/raw/Rice/rice_quality/full/grain_853.jpg,rice,A,rice_quality_broken_full_mixed,train
data/raw/Rice/rice_quality/full/grain_854.jpg,rice,A,rice_quality_broken_full_mixed,train
data/raw/Rice/rice_quality/full/grain_856.jpg,rice,A,rice_quality_broken_full_mixed,train
data/raw/Rice/rice_quality/full/grain_857.jpg,rice,A,rice_quality_broken_full_mixed,train
data/raw/Rice/rice_quality/full/grain_858.jpg,rice,A,rice_quality_broken_full_mixed,train
data/raw/Rice/rice_quality/full/grain_859.jpg,rice,A,rice_quality_broken_full_mixed,train
data/raw/Rice/rice_quality/full/grain_86.jpg,rice,A,rice_quality_broken_full_mixed,train
data/raw/Rice/rice_quality/full/grain_860.jpg,rice,A,rice_quality_broken_full_mixed,train
data/raw/Rice/rice_quality/full/grain_861.jpg,rice,A,rice_quality_broken_full_mixed,train
data/raw/Rice/rice_quality/full/grain_862.jpg,rice,A,rice_quality_broken_full_mixed,train
data/raw/Rice/rice_quality/full/grain_863.jpg,rice,A,rice_quality_broken_full_mixed,train
data/raw/Rice/rice_quality/full/grain_864.jpg,rice,A,rice_quality_broken_full_mixed,train
data/raw/Rice/rice_quality/full/grain_865.jpg,rice,A,rice_quality_broken_full_mixed,train
data/raw/Rice/rice_quality/full/grain_866.jpg,rice,A,rice_quality_broken_full_mixed,train
data/raw/Rice/rice_quality/full/grain_867.jpg,rice,A,rice_quality_broken_full_mixed,train
data/raw/Rice/rice_quality/full/grain_868.jpg,rice,A,rice_quality_broken_full_mixed,train
data/raw/Rice/rice_quality/full/grain_87.jpg,rice,A,rice_quality_broken_full_mixed,train
data/raw/Rice/rice_quality/full/grain_870.jpg,rice,A,rice_quality_broken_full_mixed,train
data/raw/Rice/rice_quality/full/grain_872.jpg,rice,A,rice_quality_broken_full_mixed,train
data/raw/Rice/rice_quality/full/grain_874.jpg,rice,A,rice_quality_broken_full_mixed,train
data/raw/Rice/rice_quality/full/grain_875.jpg,rice,A,rice_quality_broken_full_mixed,train
data/raw/Rice/rice_quality/full/grain_876.jpg,rice,A,rice_quality_broken_full_mixed,train
data/raw/Rice/rice_quality/full/grain_878.jpg,rice,A,rice_quality_broken_full_mixed,train
data/raw/Rice/rice_quality/full/grain_879.jpg,rice,A,rice_quality_broken_full_mixed,train
data/raw/Rice/rice_quality/full/grain_88.jpg,rice,A,rice_quality_broken_full_mixed,train
data/raw/Rice/rice_quality/full/grain_880.jpg,rice,A,rice_quality_broken_full_mixed,train
data/raw/Rice/rice_quality/full/grain_881.jpg,rice,A,rice_quality_broken_full_mixed,train
data/raw/Rice/rice_quality/full/grain_882.jpg,rice,A,rice_quality_broken_full_mixed,train
data/raw/Rice/rice_quality/full/grain_883.jpg,rice,A,rice_quality_broken_full_mixed,train
data/raw/Rice/rice_quality/full/grain_884.jpg,rice,A,rice_quality_broken_full_mixed,train
data/raw/Rice/rice_quality/full/grain_886.jpg,rice,A,rice_quality_broken_full_mixed,train
data/raw/Rice/rice_quality/full/grain_887.jpg,rice,A,rice_quality_broken_full_mixed,train
data/raw/Rice/rice_quality/full/grain_889.jpg,rice,A,rice_quality_broken_full_mixed,train
data/raw/Rice/rice_quality/full/grain_89.jpg,rice,A,rice_quality_broken_full_mixed,train
data/raw/Rice/rice_quality/full/grain_891.jpg,rice,A,rice_quality_broken_full_mixed,train
data/raw/Rice/rice_quality/full/grain_892.jpg,rice,A,rice_quality_broken_full_mixed,train
data/raw/Rice/rice_quality/full/grain_893.jpg,rice,A,rice_quality_broken_full_mixed,train
data/raw/Rice/rice_quality/full/grain_894.jpg,rice,A,rice_quality_broken_full_mixed,train
data/raw/Rice/rice_quality/full/grain_897.jpg,rice,A,rice_quality_broken_full_mixed,train
data/raw/Rice/rice_quality/full/grain_898.jpg,rice,A,rice_quality_broken_full_mixed,train
data/raw/Rice/rice_quality/full/grain_899.jpg,rice,A,rice_quality_broken_full_mixed,train
data/raw/Rice/rice_quality/full/grain_9.jpg,rice,A,rice_quality_broken_full_mixed,train
data/raw/Rice/rice_quality/full/grain_90.jpg,rice,A,rice_quality_broken_full_mixed,train
data/raw/Rice/rice_quality/full/grain_900.jpg,rice,A,rice_quality_broken_full_mixed,train
data/raw/Rice/rice_quality/full/grain_902.jpg,rice,A,rice_quality_broken_full_mixed,train
data/raw/Rice/rice_quality/full/grain_903.jpg,rice,A,rice_quality_broken_full_mixed,train
data/raw/Rice/rice_quality/full/grain_904.jpg,rice,A,rice_quality_broken_full_mixed,train
data/raw/Rice/rice_quality/full/grain_905.jpg,rice,A,rice_quality_broken_full_mixed,train
data/raw/Rice/rice_quality/full/grain_906.jpg,rice,A,rice_quality_broken_full_mixed,train
data/raw/Rice/rice_quality/full/grain_907.jpg,rice,A,rice_quality_broken_full_mixed,train
data/raw/Rice/rice_quality/full/grain_908.jpg,rice,A,rice_quality_broken_full_mixed,train
data/raw/Rice/rice_quality/full/grain_909.jpg,rice,A,rice_quality_broken_full_mixed,train
data/raw/Rice/rice_quality/full/grain_911.jpg,rice,A,rice_quality_broken_full_mixed,train
data/raw/Rice/rice_quality/full/grain_913.jpg,rice,A,rice_quality_broken_full_mixed,train
data/raw/Rice/rice_quality/full/grain_914.jpg,rice,A,rice_quality_broken_full_mixed,train
data/raw/Rice/rice_quality/full/grain_915.jpg,rice,A,rice_quality_broken_full_mixed,train
data/raw/Rice/rice_quality/full/grain_918.jpg,rice,A,rice_quality_broken_full_mixed,train
data/raw/Rice/rice_quality/full/grain_92.jpg,rice,A,rice_quality_broken_full_mixed,train
data/raw/Rice/rice_quality/full/grain_920.jpg,rice,A,rice_quality_broken_full_mixed,train
data/raw/Rice/rice_quality/full/grain_922.jpg,rice,A,rice_quality_broken_full_mixed,train
data/raw/Rice/rice_quality/full/grain_923.jpg,rice,A,rice_quality_broken_full_mixed,train
data/raw/Rice/rice_quality/full/grain_924.jpg,rice,A,rice_quality_broken_full_mixed,train
data/raw/Rice/rice_quality/full/grain_925.jpg,rice,A,rice_quality_broken_full_mixed,train
data/raw/Rice/rice_quality/full/grain_926.jpg,rice,A,rice_quality_broken_full_mixed,train
data/raw/Rice/rice_quality/full/grain_927.jpg,rice,A,rice_quality_broken_full_mixed,train
data/raw/Rice/rice_quality/full/grain_928.jpg,rice,A,rice_quality_broken_full_mixed,train
data/raw/Rice/rice_quality/full/grain_93.jpg,rice,A,rice_quality_broken_full_mixed,train
data/raw/Rice/rice_quality/full/grain_930.jpg,rice,A,rice_quality_broken_full_mixed,train
data/raw/Rice/rice_quality/full/grain_931.jpg,rice,A,rice_quality_broken_full_mixed,train
data/raw/Rice/rice_quality/full/grain_932.jpg,rice,A,rice_quality_broken_full_mixed,train
data/raw/Rice/rice_quality/full/grain_935.jpg,rice,A,rice_quality_broken_full_mixed,train
data/raw/Rice/rice_quality/full/grain_937.jpg,rice,A,rice_quality_broken_full_mixed,train
data/raw/Rice/rice_quality/full/grain_938.jpg,rice,A,rice_quality_broken_full_mixed,train
data/raw/Rice/rice_quality/full/grain_939.jpg,rice,A,rice_quality_broken_full_mixed,train
data/raw/Rice/rice_quality/full/grain_94.jpg,rice,A,rice_quality_broken_full_mixed,train
data/raw/Rice/rice_quality/full/grain_940.jpg,rice,A,rice_quality_broken_full_mixed,train
data/raw/Rice/rice_quality/full/grain_943.jpg,rice,A,rice_quality_broken_full_mixed,train
data/raw/Rice/rice_quality/full/grain_944.jpg,rice,A,rice_quality_broken_full_mixed,train
data/raw/Rice/rice_quality/full/grain_946.jpg,rice,A,rice_quality_broken_full_mixed,train
data/raw/Rice/rice_quality/full/grain_947.jpg,rice,A,rice_quality_broken_full_mixed,train
data/raw/Rice/rice_quality/full/grain_949.jpg,rice,A,rice_quality_broken_full_mixed,train
data/raw/Rice/rice_quality/full/grain_95.jpg,rice,A,rice_quality_broken_full_mixed,train
data/raw/Rice/rice_quality/full/grain_950.jpg,rice,A,rice_quality_broken_full_mixed,train
data/raw/Rice/rice_quality/full/grain_952.jpg,rice,A,rice_quality_broken_full_mixed,train
data/raw/Rice/rice_quality/full/grain_953.jpg,rice,A,rice_quality_broken_full_mixed,train
data/raw/Rice/rice_quality/full/grain_954.jpg,rice,A,rice_quality_broken_full_mixed,train
data/raw/Rice/rice_quality/full/grain_955.jpg,rice,A,rice_quality_broken_full_mixed,train
data/raw/Rice/rice_quality/full/grain_956.jpg,rice,A,rice_quality_broken_full_mixed,train
data/raw/Rice/rice_quality/full/grain_957.jpg,rice,A,rice_quality_broken_full_mixed,train
data/raw/Rice/rice_quality/full/grain_958.jpg,rice,A,rice_quality_broken_full_mixed,train
data/raw/Rice/rice_quality/full/grain_959.jpg,rice,A,rice_quality_broken_full_mixed,train
data/raw/Rice/rice_quality/full/grain_96.jpg,rice,A,rice_quality_broken_full_mixed,train
data/raw/Rice/rice_quality/full/grain_961.jpg,rice,A,rice_quality_broken_full_mixed,train
data/raw/Rice/rice_quality/full/grain_962.jpg,rice,A,rice_quality_broken_full_mixed,train
data/raw/Rice/rice_quality/full/grain_963.jpg,rice,A,rice_quality_broken_full_mixed,train
data/raw/Rice/rice_quality/full/grain_964.jpg,rice,A,rice_quality_broken_full_mixed,train
data/raw/Rice/rice_quality/full/grain_965.jpg,rice,A,rice_quality_broken_full_mixed,train
data/raw/Rice/rice_quality/full/grain_966.jpg,rice,A,rice_quality_broken_full_mixed,train
data/raw/Rice/rice_quality/full/grain_967.jpg,rice,A,rice_quality_broken_full_mixed,train
data/raw/Rice/rice_quality/full/grain_969.jpg,rice,A,rice_quality_broken_full_mixed,train
data/raw/Rice/rice_quality/full/grain_97.jpg,rice,A,rice_quality_broken_full_mixed,train
data/raw/Rice/rice_quality/full/grain_970.jpg,rice,A,rice_quality_broken_full_mixed,train
data/raw/Rice/rice_quality/full/grain_971.jpg,rice,A,rice_quality_broken_full_mixed,train
data/raw/Rice/rice_quality/full/grain_972.jpg,rice,A,rice_quality_broken_full_mixed,train
data/raw/Rice/rice_quality/full/grain_974.jpg,rice,A,rice_quality_broken_full_mixed,train
data/raw/Rice/rice_quality/full/grain_975.jpg,rice,A,rice_quality_broken_full_mixed,train
data/raw/Rice/rice_quality/full/grain_979.jpg,rice,A,rice_quality_broken_full_mixed,train
data/raw/Rice/rice_quality/full/grain_98.jpg,rice,A,rice_quality_broken_full_mixed,train
data/raw/Rice/rice_quality/full/grain_981.jpg,rice,A,rice_quality_broken_full_mixed,train
data/raw/Rice/rice_quality/full/grain_982.jpg,rice,A,rice_quality_broken_full_mixed,train
data/raw/Rice/rice_quality/full/grain_983.jpg,rice,A,rice_quality_broken_full_mixed,train
data/raw/Rice/rice_quality/full/grain_984.jpg,rice,A,rice_quality_broken_full_mixed,train
data/raw/Rice/rice_quality/full/grain_986.jpg,rice,A,rice_quality_broken_full_mixed,train
data/raw/Rice/rice_quality/full/grain_987.jpg,rice,A,rice_quality_broken_full_mixed,train
data/raw/Rice/rice_quality/full/grain_988.jpg,rice,A,rice_quality_broken_full_mixed,train
data/raw/Rice/rice_quality/full/grain_989.jpg,rice,A,rice_quality_broken_full_mixed,train
data/raw/Rice/rice_quality/full/grain_991.jpg,rice,A,rice_quality_broken_full_mixed,train
data/raw/Rice/rice_quality/full/grain_992.jpg,rice,A,rice_quality_broken_full_mixed,train
data/raw/Rice/rice_quality/full/grain_994.jpg,rice,A,rice_quality_broken_full_mixed,train
data/raw/Rice/rice_quality/full/grain_995.jpg,rice,A,rice_quality_broken_full_mixed,train
data/raw/Rice/rice_quality/full/grain_996.jpg,rice,A,rice_quality_broken_full_mixed,train
data/raw/Rice/rice_quality/full/grain_997.jpg,rice,A,rice_quality_broken_full_mixed,train
data/raw/Rice/rice_quality/full/grain_998.jpg,rice,A,rice_quality_broken_full_mixed,train
data/raw/Rice/rice_quality/full/grain_999.jpg,rice,A,rice_quality_broken_full_mixed,train
data/raw/Rice/rice_quality/mixed/grain_1.jpg,rice,C,rice_quality_broken_full_mixed,train
data/raw/Rice/rice_quality/mixed/grain_10.jpg,rice,C,rice_quality_broken_full_mixed,train
data/raw/Rice/rice_quality/mixed/grain_100.jpg,rice,C,rice_quality_broken_full_mixed,train
data/raw/Rice/rice_quality/mixed/grain_1000.jpg,rice,C,rice_quality_broken_full_mixed,train
data/raw/Rice/rice_quality/mixed/grain_1001.jpg,rice,C,rice_quality_broken_full_mixed,train
data/raw/Rice/rice_quality/mixed/grain_1002.jpg,rice,C,rice_quality_broken_full_mixed,train
data/raw/Rice/rice_quality/mixed/grain_1004.jpg,rice,C,rice_quality_broken_full_mixed,train
data/raw/Rice/rice_quality/mixed/grain_1005.jpg,rice,C,rice_quality_broken_full_mixed,train
data/raw/Rice/rice_quality/mixed/grain_1007.jpg,rice,C,rice_quality_broken_full_mixed,train
data/raw/Rice/rice_quality/mixed/grain_1008.jpg,rice,C,rice_quality_broken_full_mixed,train
data/raw/Rice/rice_quality/mixed/grain_101.jpg,rice,C,rice_quality_broken_full_mixed,train
data/raw/Rice/rice_quality/mixed/grain_1010.jpg,rice,C,rice_quality_broken_full_mixed,train
data/raw/Rice/rice_quality/mixed/grain_1014.jpg,rice,C,rice_quality_broken_full_mixed,train
data/raw/Rice/rice_quality/mixed/grain_1015.jpg,rice,C,rice_quality_broken_full_mixed,train
data/raw/Rice/rice_quality/mixed/grain_1016.jpg,rice,C,rice_quality_broken_full_mixed,train
data/raw/Rice/rice_quality/mixed/grain_1017.jpg,rice,C,rice_quality_broken_full_mixed,train
data/raw/Rice/rice_quality/mixed/grain_1018.jpg,rice,C,rice_quality_broken_full_mixed,train
data/raw/Rice/rice_quality/mixed/grain_1019.jpg,rice,C,rice_quality_broken_full_mixed,train
data/raw/Rice/rice_quality/mixed/grain_102.jpg,rice,C,rice_quality_broken_full_mixed,train
data/raw/Rice/rice_quality/mixed/grain_1020.jpg,rice,C,rice_quality_broken_full_mixed,train
data/raw/Rice/rice_quality/mixed/grain_1021.jpg,rice,C,rice_quality_broken_full_mixed,train
data/raw/Rice/rice_quality/mixed/grain_1022.jpg,rice,C,rice_quality_broken_full_mixed,train
data/raw/Rice/rice_quality/mixed/grain_1023.jpg,rice,C,rice_quality_broken_full_mixed,train
data/raw/Rice/rice_quality/mixed/grain_1024.jpg,rice,C,rice_quality_broken_full_mixed,train
data/raw/Rice/rice_quality/mixed/grain_1025.jpg,rice,C,rice_quality_broken_full_mixed,train
data/raw/Rice/rice_quality/mixed/grain_1026.jpg,rice,C,rice_quality_broken_full_mixed,train
data/raw/Rice/rice_quality/mixed/grain_1028.jpg,rice,C,rice_quality_broken_full_mixed,train
data/raw/Rice/rice_quality/mixed/grain_103.jpg,rice,C,rice_quality_broken_full_mixed,train
data/raw/Rice/rice_quality/mixed/grain_1030.jpg,rice,C,rice_quality_broken_full_mixed,train
data/raw/Rice/rice_quality/mixed/grain_1031.jpg,rice,C,rice_quality_broken_full_mixed,train
data/raw/Rice/rice_quality/mixed/grain_1032.jpg,rice,C,rice_quality_broken_full_mixed,train
data/raw/Rice/rice_quality/mixed/grain_1033.jpg,rice,C,rice_quality_broken_full_mixed,train
data/raw/Rice/rice_quality/mixed/grain_1035.jpg,rice,C,rice_quality_broken_full_mixed,train
data/raw/Rice/rice_quality/mixed/grain_1036.jpg,rice,C,rice_quality_broken_full_mixed,train
data/raw/Rice/rice_quality/mixed/grain_1037.jpg,rice,C,rice_quality_broken_full_mixed,train
data/raw/Rice/rice_quality/mixed/grain_1038.jpg,rice,C,rice_quality_broken_full_mixed,train
data/raw/Rice/rice_quality/mixed/grain_1039.jpg,rice,C,rice_quality_broken_full_mixed,train
data/raw/Rice/rice_quality/mixed/grain_105.jpg,rice,C,rice_quality_broken_full_mixed,train
data/raw/Rice/rice_quality/mixed/grain_108.jpg,rice,C,rice_quality_broken_full_mixed,train
data/raw/Rice/rice_quality/mixed/grain_109.jpg,rice,C,rice_quality_broken_full_mixed,train
data/raw/Rice/rice_quality/mixed/grain_110.jpg,rice,C,rice_quality_broken_full_mixed,train
data/raw/Rice/rice_quality/mixed/grain_111.jpg,rice,C,rice_quality_broken_full_mixed,train
data/raw/Rice/rice_quality/mixed/grain_112.jpg,rice,C,rice_quality_broken_full_mixed,train
data/raw/Rice/rice_quality/mixed/grain_113.jpg,rice,C,rice_quality_broken_full_mixed,train
data/raw/Rice/rice_quality/mixed/grain_115.jpg,rice,C,rice_quality_broken_full_mixed,train
data/raw/Rice/rice_quality/mixed/grain_12.jpg,rice,C,rice_quality_broken_full_mixed,train
data/raw/Rice/rice_quality/mixed/grain_120.jpg,rice,C,rice_quality_broken_full_mixed,train
data/raw/Rice/rice_quality/mixed/grain_122.jpg,rice,C,rice_quality_broken_full_mixed,train
data/raw/Rice/rice_quality/mixed/grain_123.jpg,rice,C,rice_quality_broken_full_mixed,train
data/raw/Rice/rice_quality/mixed/grain_126.jpg,rice,C,rice_quality_broken_full_mixed,train
data/raw/Rice/rice_quality/mixed/grain_127.jpg,rice,C,rice_quality_broken_full_mixed,train
data/raw/Rice/rice_quality/mixed/grain_128.jpg,rice,C,rice_quality_broken_full_mixed,train
data/raw/Rice/rice_quality/mixed/grain_129.jpg,rice,C,rice_quality_broken_full_mixed,train
data/raw/Rice/rice_quality/mixed/grain_130.jpg,rice,C,rice_quality_broken_full_mixed,train
data/raw/Rice/rice_quality/mixed/grain_132.jpg,rice,C,rice_quality_broken_full_mixed,train
data/raw/Rice/rice_quality/mixed/grain_133.jpg,rice,C,rice_quality_broken_full_mixed,train
data/raw/Rice/rice_quality/mixed/grain_134.jpg,rice,C,rice_quality_broken_full_mixed,train
data/raw/Rice/rice_quality/mixed/grain_136.jpg,rice,C,rice_quality_broken_full_mixed,train
data/raw/Rice/rice_quality/mixed/grain_138.jpg,rice,C,rice_quality_broken_full_mixed,train
data/raw/Rice/rice_quality/mixed/grain_14.jpg,rice,C,rice_quality_broken_full_mixed,train
data/raw/Rice/rice_quality/mixed/grain_140.jpg,rice,C,rice_quality_broken_full_mixed,train
data/raw/Rice/rice_quality/mixed/grain_141.jpg,rice,C,rice_quality_broken_full_mixed,train
data/raw/Rice/rice_quality/mixed/grain_142.jpg,rice,C,rice_quality_broken_full_mixed,train
data/raw/Rice/rice_quality/mixed/grain_143.jpg,rice,C,rice_quality_broken_full_mixed,train
data/raw/Rice/rice_quality/mixed/grain_145.jpg,rice,C,rice_quality_broken_full_mixed,train
data/raw/Rice/rice_quality/mixed/grain_146.jpg,rice,C,rice_quality_broken_full_mixed,train
data/raw/Rice/rice_quality/mixed/grain_147.jpg,rice,C,rice_quality_broken_full_mixed,train
data/raw/Rice/rice_quality/mixed/grain_15.jpg,rice,C,rice_quality_broken_full_mixed,train
data/raw/Rice/rice_quality/mixed/grain_154.jpg,rice,C,rice_quality_broken_full_mixed,train
data/raw/Rice/rice_quality/mixed/grain_155.jpg,rice,C,rice_quality_broken_full_mixed,train
data/raw/Rice/rice_quality/mixed/grain_156.jpg,rice,C,rice_quality_broken_full_mixed,train
data/raw/Rice/rice_quality/mixed/grain_157.jpg,rice,C,rice_quality_broken_full_mixed,train
data/raw/Rice/rice_quality/mixed/grain_158.jpg,rice,C,rice_quality_broken_full_mixed,train
data/raw/Rice/rice_quality/mixed/grain_159.jpg,rice,C,rice_quality_broken_full_mixed,train
data/raw/Rice/rice_quality/mixed/grain_16.jpg,rice,C,rice_quality_broken_full_mixed,train
data/raw/Rice/rice_quality/mixed/grain_160.jpg,rice,C,rice_quality_broken_full_mixed,train
data/raw/Rice/rice_quality/mixed/grain_162.jpg,rice,C,rice_quality_broken_full_mixed,train
data/raw/Rice/rice_quality/mixed/grain_163.jpg,rice,C,rice_quality_broken_full_mixed,train
data/raw/Rice/rice_quality/mixed/grain_164.jpg,rice,C,rice_quality_broken_full_mixed,train
data/raw/Rice/rice_quality/mixed/grain_165.jpg,rice,C,rice_quality_broken_full_mixed,train
data/raw/Rice/rice_quality/mixed/grain_166.jpg,rice,C,rice_quality_broken_full_mixed,train
data/raw/Rice/rice_quality/mixed/grain_167.jpg,rice,C,rice_quality_broken_full_mixed,train
data/raw/Rice/rice_quality/mixed/grain_168.jpg,rice,C,rice_quality_broken_full_mixed,train
data/raw/Rice/rice_quality/mixed/grain_169.jpg,rice,C,rice_quality_broken_full_mixed,train
data/raw/Rice/rice_quality/mixed/grain_17.jpg,rice,C,rice_quality_broken_full_mixed,train
data/raw/Rice/rice_quality/mixed/grain_170.jpg,rice,C,rice_quality_broken_full_mixed,train
data/raw/Rice/rice_quality/mixed/grain_172.jpg,rice,C,rice_quality_broken_full_mixed,train
data/raw/Rice/rice_quality/mixed/grain_173.jpg,rice,C,rice_quality_broken_full_mixed,train
data/raw/Rice/rice_quality/mixed/grain_174.jpg,rice,C,rice_quality_broken_full_mixed,train
data/raw/Rice/rice_quality/mixed/grain_175.jpg,rice,C,rice_quality_broken_full_mixed,train
data/raw/Rice/rice_quality/mixed/grain_176.jpg,rice,C,rice_quality_broken_full_mixed,train
data/raw/Rice/rice_quality/mixed/grain_177.jpg,rice,C,rice_quality_broken_full_mixed,train
data/raw/Rice/rice_quality/mixed/grain_178.jpg,rice,C,rice_quality_broken_full_mixed,train
data/raw/Rice/rice_quality/mixed/grain_179.jpg,rice,C,rice_quality_broken_full_mixed,train
data/raw/Rice/rice_quality/mixed/grain_18.jpg,rice,C,rice_quality_broken_full_mixed,train
data/raw/Rice/rice_quality/mixed/grain_180.jpg,rice,C,rice_quality_broken_full_mixed,train
data/raw/Rice/rice_quality/mixed/grain_181.jpg,rice,C,rice_quality_broken_full_mixed,train
data/raw/Rice/rice_quality/mixed/grain_182.jpg,rice,C,rice_quality_broken_full_mixed,train
data/raw/Rice/rice_quality/mixed/grain_183.jpg,rice,C,rice_quality_broken_full_mixed,train
data/raw/Rice/rice_quality/mixed/grain_184.jpg,rice,C,rice_quality_broken_full_mixed,train
data/raw/Rice/rice_quality/mixed/grain_185.jpg,rice,C,rice_quality_broken_full_mixed,train
data/raw/Rice/rice_quality/mixed/grain_186.jpg,rice,C,rice_quality_broken_full_mixed,train
data/raw/Rice/rice_quality/mixed/grain_188.jpg,rice,C,rice_quality_broken_full_mixed,train
data/raw/Rice/rice_quality/mixed/grain_189.jpg,rice,C,rice_quality_broken_full_mixed,train
data/raw/Rice/rice_quality/mixed/grain_190.jpg,rice,C,rice_quality_broken_full_mixed,train
data/raw/Rice/rice_quality/mixed/grain_191.jpg,rice,C,rice_quality_broken_full_mixed,train
data/raw/Rice/rice_quality/mixed/grain_193.jpg,rice,C,rice_quality_broken_full_mixed,train
data/raw/Rice/rice_quality/mixed/grain_194.jpg,rice,C,rice_quality_broken_full_mixed,train
data/raw/Rice/rice_quality/mixed/grain_197.jpg,rice,C,rice_quality_broken_full_mixed,train
data/raw/Rice/rice_quality/mixed/grain_199.jpg,rice,C,rice_quality_broken_full_mixed,train
data/raw/Rice/rice_quality/mixed/grain_2.jpg,rice,C,rice_quality_broken_full_mixed,train
data/raw/Rice/rice_quality/mixed/grain_200.jpg,rice,C,rice_quality_broken_full_mixed,train
data/raw/Rice/rice_quality/mixed/grain_202.jpg,rice,C,rice_quality_broken_full_mixed,train
data/raw/Rice/rice_quality/mixed/grain_204.jpg,rice,C,rice_quality_broken_full_mixed,train
data/raw/Rice/rice_quality/mixed/grain_205.jpg,rice,C,rice_quality_broken_full_mixed,train
data/raw/Rice/rice_quality/mixed/grain_206.jpg,rice,C,rice_quality_broken_full_mixed,train
data/raw/Rice/rice_quality/mixed/grain_207.jpg,rice,C,rice_quality_broken_full_mixed,train
data/raw/Rice/rice_quality/mixed/grain_208.jpg,rice,C,rice_quality_broken_full_mixed,train
data/raw/Rice/rice_quality/mixed/grain_209.jpg,rice,C,rice_quality_broken_full_mixed,train
data/raw/Rice/rice_quality/mixed/grain_21.jpg,rice,C,rice_quality_broken_full_mixed,train
data/raw/Rice/rice_quality/mixed/grain_210.jpg,rice,C,rice_quality_broken_full_mixed,train
data/raw/Rice/rice_quality/mixed/grain_211.jpg,rice,C,rice_quality_broken_full_mixed,train
data/raw/Rice/rice_quality/mixed/grain_212.jpg,rice,C,rice_quality_broken_full_mixed,train
data/raw/Rice/rice_quality/mixed/grain_213.jpg,rice,C,rice_quality_broken_full_mixed,train
data/raw/Rice/rice_quality/mixed/grain_214.jpg,rice,C,rice_quality_broken_full_mixed,train
data/raw/Rice/rice_quality/mixed/grain_215.jpg,rice,C,rice_quality_broken_full_mixed,train
data/raw/Rice/rice_quality/mixed/grain_216.jpg,rice,C,rice_quality_broken_full_mixed,train
data/raw/Rice/rice_quality/mixed/grain_217.jpg,rice,C,rice_quality_broken_full_mixed,train
data/raw/Rice/rice_quality/mixed/grain_22.jpg,rice,C,rice_quality_broken_full_mixed,train
data/raw/Rice/rice_quality/mixed/grain_221.jpg,rice,C,rice_quality_broken_full_mixed,train
data/raw/Rice/rice_quality/mixed/grain_222.jpg,rice,C,rice_quality_broken_full_mixed,train
data/raw/Rice/rice_quality/mixed/grain_223.jpg,rice,C,rice_quality_broken_full_mixed,train
data/raw/Rice/rice_quality/mixed/grain_225.jpg,rice,C,rice_quality_broken_full_mixed,train
data/raw/Rice/rice_quality/mixed/grain_226.jpg,rice,C,rice_quality_broken_full_mixed,train
data/raw/Rice/rice_quality/mixed/grain_227.jpg,rice,C,rice_quality_broken_full_mixed,train
data/raw/Rice/rice_quality/mixed/grain_229.jpg,rice,C,rice_quality_broken_full_mixed,train
data/raw/Rice/rice_quality/mixed/grain_23.jpg,rice,C,rice_quality_broken_full_mixed,train
data/raw/Rice/rice_quality/mixed/grain_230.jpg,rice,C,rice_quality_broken_full_mixed,train
data/raw/Rice/rice_quality/mixed/grain_231.jpg,rice,C,rice_quality_broken_full_mixed,train
data/raw/Rice/rice_quality/mixed/grain_233.jpg,rice,C,rice_quality_broken_full_mixed,train
data/raw/Rice/rice_quality/mixed/grain_234.jpg,rice,C,rice_quality_broken_full_mixed,train
data/raw/Rice/rice_quality/mixed/grain_235.jpg,rice,C,rice_quality_broken_full_mixed,train
data/raw/Rice/rice_quality/mixed/grain_237.jpg,rice,C,rice_quality_broken_full_mixed,train
data/raw/Rice/rice_quality/mixed/grain_240.jpg,rice,C,rice_quality_broken_full_mixed,train
data/raw/Rice/rice_quality/mixed/grain_241.jpg,rice,C,rice_quality_broken_full_mixed,train
data/raw/Rice/rice_quality/mixed/grain_242.jpg,rice,C,rice_quality_broken_full_mixed,train
data/raw/Rice/rice_quality/mixed/grain_244.jpg,rice,C,rice_quality_broken_full_mixed,train
data/raw/Rice/rice_quality/mixed/grain_245.jpg,rice,C,rice_quality_broken_full_mixed,train
data/raw/Rice/rice_quality/mixed/grain_246.jpg,rice,C,rice_quality_broken_full_mixed,train
data/raw/Rice/rice_quality/mixed/grain_247.jpg,rice,C,rice_quality_broken_full_mixed,train
data/raw/Rice/rice_quality/mixed/grain_248.jpg,rice,C,rice_quality_broken_full_mixed,train
data/raw/Rice/rice_quality/mixed/grain_25.jpg,rice,C,rice_quality_broken_full_mixed,train
data/raw/Rice/rice_quality/mixed/grain_252.jpg,rice,C,rice_quality_broken_full_mixed,train
data/raw/Rice/rice_quality/mixed/grain_253.jpg,rice,C,rice_quality_broken_full_mixed,train
data/raw/Rice/rice_quality/mixed/grain_254.jpg,rice,C,rice_quality_broken_full_mixed,train
data/raw/Rice/rice_quality/mixed/grain_256.jpg,rice,C,rice_quality_broken_full_mixed,train
data/raw/Rice/rice_quality/mixed/grain_257.jpg,rice,C,rice_quality_broken_full_mixed,train
data/raw/Rice/rice_quality/mixed/grain_259.jpg,rice,C,rice_quality_broken_full_mixed,train
data/raw/Rice/rice_quality/mixed/grain_26.jpg,rice,C,rice_quality_broken_full_mixed,train
data/raw/Rice/rice_quality/mixed/grain_260.jpg,rice,C,rice_quality_broken_full_mixed,train
data/raw/Rice/rice_quality/mixed/grain_261.jpg,rice,C,rice_quality_broken_full_mixed,train
data/raw/Rice/rice_quality/mixed/grain_262.jpg,rice,C,rice_quality_broken_full_mixed,train
data/raw/Rice/rice_quality/mixed/grain_265.jpg,rice,C,rice_quality_broken_full_mixed,train
data/raw/Rice/rice_quality/mixed/grain_266.jpg,rice,C,rice_quality_broken_full_mixed,train
data/raw/Rice/rice_quality/mixed/grain_268.jpg,rice,C,rice_quality_broken_full_mixed,train
data/raw/Rice/rice_quality/mixed/grain_269.jpg,rice,C,rice_quality_broken_full_mixed,train
data/raw/Rice/rice_quality/mixed/grain_27.jpg,rice,C,rice_quality_broken_full_mixed,train
data/raw/Rice/rice_quality/mixed/grain_272.jpg,rice,C,rice_quality_broken_full_mixed,train
data/raw/Rice/rice_quality/mixed/grain_273.jpg,rice,C,rice_quality_broken_full_mixed,train
data/raw/Rice/rice_quality/mixed/grain_274.jpg,rice,C,rice_quality_broken_full_mixed,train
data/raw/Rice/rice_quality/mixed/grain_277.jpg,rice,C,rice_quality_broken_full_mixed,train
data/raw/Rice/rice_quality/mixed/grain_278.jpg,rice,C,rice_quality_broken_full_mixed,train
data/raw/Rice/rice_quality/mixed/grain_28.jpg,rice,C,rice_quality_broken_full_mixed,train
data/raw/Rice/rice_quality/mixed/grain_280.jpg,rice,C,rice_quality_broken_full_mixed,train
data/raw/Rice/rice_quality/mixed/grain_282.jpg,rice,C,rice_quality_broken_full_mixed,train
data/raw/Rice/rice_quality/mixed/grain_283.jpg,rice,C,rice_quality_broken_full_mixed,train
data/raw/Rice/rice_quality/mixed/grain_286.jpg,rice,C,rice_quality_broken_full_mixed,train
data/raw/Rice/rice_quality/mixed/grain_289.jpg,rice,C,rice_quality_broken_full_mixed,train
data/raw/Rice/rice_quality/mixed/grain_290.jpg,rice,C,rice_quality_broken_full_mixed,train
data/raw/Rice/rice_quality/mixed/grain_291.jpg,rice,C,rice_quality_broken_full_mixed,train
data/raw/Rice/rice_quality/mixed/grain_292.jpg,rice,C,rice_quality_broken_full_mixed,train
data/raw/Rice/rice_quality/mixed/grain_293.jpg,rice,C,rice_quality_broken_full_mixed,train
data/raw/Rice/rice_quality/mixed/grain_294.jpg,rice,C,rice_quality_broken_full_mixed,train
data/raw/Rice/rice_quality/mixed/grain_295.jpg,rice,C,rice_quality_broken_full_mixed,train
data/raw/Rice/rice_quality/mixed/grain_297.jpg,rice,C,rice_quality_broken_full_mixed,train
data/raw/Rice/rice_quality/mixed/grain_298.jpg,rice,C,rice_quality_broken_full_mixed,train
data/raw/Rice/rice_quality/mixed/grain_3.jpg,rice,C,rice_quality_broken_full_mixed,train
data/raw/Rice/rice_quality/mixed/grain_300.jpg,rice,C,rice_quality_broken_full_mixed,train
data/raw/Rice/rice_quality/mixed/grain_301.jpg,rice,C,rice_quality_broken_full_mixed,train
data/raw/Rice/rice_quality/mixed/grain_302.jpg,rice,C,rice_quality_broken_full_mixed,train
data/raw/Rice/rice_quality/mixed/grain_304.jpg,rice,C,rice_quality_broken_full_mixed,train
data/raw/Rice/rice_quality/mixed/grain_305.jpg,rice,C,rice_quality_broken_full_mixed,train
data/raw/Rice/rice_quality/mixed/grain_306.jpg,rice,C,rice_quality_broken_full_mixed,train
data/raw/Rice/rice_quality/mixed/grain_307.jpg,rice,C,rice_quality_broken_full_mixed,train
data/raw/Rice/rice_quality/mixed/grain_308.jpg,rice,C,rice_quality_broken_full_mixed,train
data/raw/Rice/rice_quality/mixed/grain_310.jpg,rice,C,rice_quality_broken_full_mixed,train
data/raw/Rice/rice_quality/mixed/grain_311.jpg,rice,C,rice_quality_broken_full_mixed,train
data/raw/Rice/rice_quality/mixed/grain_312.jpg,rice,C,rice_quality_broken_full_mixed,train
data/raw/Rice/rice_quality/mixed/grain_313.jpg,rice,C,rice_quality_broken_full_mixed,train
data/raw/Rice/rice_quality/mixed/grain_314.jpg,rice,C,rice_quality_broken_full_mixed,train
data/raw/Rice/rice_quality/mixed/grain_315.jpg,rice,C,rice_quality_broken_full_mixed,train
data/raw/Rice/rice_quality/mixed/grain_317.jpg,rice,C,rice_quality_broken_full_mixed,train
data/raw/Rice/rice_quality/mixed/grain_318.jpg,rice,C,rice_quality_broken_full_mixed,train
data/raw/Rice/rice_quality/mixed/grain_319.jpg,rice,C,rice_quality_broken_full_mixed,train
data/raw/Rice/rice_quality/mixed/grain_32.jpg,rice,C,rice_quality_broken_full_mixed,train
data/raw/Rice/rice_quality/mixed/grain_320.jpg,rice,C,rice_quality_broken_full_mixed,train
data/raw/Rice/rice_quality/mixed/grain_321.jpg,rice,C,rice_quality_broken_full_mixed,train
data/raw/Rice/rice_quality/mixed/grain_322.jpg,rice,C,rice_quality_broken_full_mixed,train
data/raw/Rice/rice_quality/mixed/grain_324.jpg,rice,C,rice_quality_broken_full_mixed,train
data/raw/Rice/rice_quality/mixed/grain_325.jpg,rice,C,rice_quality_broken_full_mixed,train
data/raw/Rice/rice_quality/mixed/grain_326.jpg,rice,C,rice_quality_broken_full_mixed,train
data/raw/Rice/rice_quality/mixed/grain_328.jpg,rice,C,rice_quality_broken_full_mixed,train
data/raw/Rice/rice_quality/mixed/grain_329.jpg,rice,C,rice_quality_broken_full_mixed,train
data/raw/Rice/rice_quality/mixed/grain_330.jpg,rice,C,rice_quality_broken_full_mixed,train
data/raw/Rice/rice_quality/mixed/grain_331.jpg,rice,C,rice_quality_broken_full_mixed,train
data/raw/Rice/rice_quality/mixed/grain_332.jpg,rice,C,rice_quality_broken_full_mixed,train
data/raw/Rice/rice_quality/mixed/grain_333.jpg,rice,C,rice_quality_broken_full_mixed,train
data/raw/Rice/rice_quality/mixed/grain_334.jpg,rice,C,rice_quality_broken_full_mixed,train
data/raw/Rice/rice_quality/mixed/grain_336.jpg,rice,C,rice_quality_broken_full_mixed,train
data/raw/Rice/rice_quality/mixed/grain_337.jpg,rice,C,rice_quality_broken_full_mixed,train
data/raw/Rice/rice_quality/mixed/grain_338.jpg,rice,C,rice_quality_broken_full_mixed,train
data/raw/Rice/rice_quality/mixed/grain_339.jpg,rice,C,rice_quality_broken_full_mixed,train
data/raw/Rice/rice_quality/mixed/grain_340.jpg,rice,C,rice_quality_broken_full_mixed,train
data/raw/Rice/rice_quality/mixed/grain_343.jpg,rice,C,rice_quality_broken_full_mixed,train
data/raw/Rice/rice_quality/mixed/grain_344.jpg,rice,C,rice_quality_broken_full_mixed,train
data/raw/Rice/rice_quality/mixed/grain_345.jpg,rice,C,rice_quality_broken_full_mixed,train
data/raw/Rice/rice_quality/mixed/grain_346.jpg,rice,C,rice_quality_broken_full_mixed,train
data/raw/Rice/rice_quality/mixed/grain_348.jpg,rice,C,rice_quality_broken_full_mixed,train
data/raw/Rice/rice_quality/mixed/grain_35.jpg,rice,C,rice_quality_broken_full_mixed,train
data/raw/Rice/rice_quality/mixed/grain_350.jpg,rice,C,rice_quality_broken_full_mixed,train
data/raw/Rice/rice_quality/mixed/grain_352.jpg,rice,C,rice_quality_broken_full_mixed,train
data/raw/Rice/rice_quality/mixed/grain_353.jpg,rice,C,rice_quality_broken_full_mixed,train
data/raw/Rice/rice_quality/mixed/grain_354.jpg,rice,C,rice_quality_broken_full_mixed,train
data/raw/Rice/rice_quality/mixed/grain_355.jpg,rice,C,rice_quality_broken_full_mixed,train
data/raw/Rice/rice_quality/mixed/grain_356.jpg,rice,C,rice_quality_broken_full_mixed,train
data/raw/Rice/rice_quality/mixed/grain_360.jpg,rice,C,rice_quality_broken_full_mixed,train
data/raw/Rice/rice_quality/mixed/grain_361.jpg,rice,C,rice_quality_broken_full_mixed,train
data/raw/Rice/rice_quality/mixed/grain_362.jpg,rice,C,rice_quality_broken_full_mixed,train
data/raw/Rice/rice_quality/mixed/grain_363.jpg,rice,C,rice_quality_broken_full_mixed,train
data/raw/Rice/rice_quality/mixed/grain_364.jpg,rice,C,rice_quality_broken_full_mixed,train
data/raw/Rice/rice_quality/mixed/grain_365.jpg,rice,C,rice_quality_broken_full_mixed,train
data/raw/Rice/rice_quality/mixed/grain_366.jpg,rice,C,rice_quality_broken_full_mixed,train
data/raw/Rice/rice_quality/mixed/grain_370.jpg,rice,C,rice_quality_broken_full_mixed,train
data/raw/Rice/rice_quality/mixed/grain_371.jpg,rice,C,rice_quality_broken_full_mixed,train
data/raw/Rice/rice_quality/mixed/grain_372.jpg,rice,C,rice_quality_broken_full_mixed,train
data/raw/Rice/rice_quality/mixed/grain_373.jpg,rice,C,rice_quality_broken_full_mixed,train
data/raw/Rice/rice_quality/mixed/grain_375.jpg,rice,C,rice_quality_broken_full_mixed,train
data/raw/Rice/rice_quality/mixed/grain_376.jpg,rice,C,rice_quality_broken_full_mixed,train
data/raw/Rice/rice_quality/mixed/grain_377.jpg,rice,C,rice_quality_broken_full_mixed,train
data/raw/Rice/rice_quality/mixed/grain_378.jpg,rice,C,rice_quality_broken_full_mixed,train
data/raw/Rice/rice_quality/mixed/grain_379.jpg,rice,C,rice_quality_broken_full_mixed,train
data/raw/Rice/rice_quality/mixed/grain_38.jpg,rice,C,rice_quality_broken_full_mixed,train
data/raw/Rice/rice_quality/mixed/grain_381.jpg,rice,C,rice_quality_broken_full_mixed,train
data/raw/Rice/rice_quality/mixed/grain_382.jpg,rice,C,rice_quality_broken_full_mixed,train
data/raw/Rice/rice_quality/mixed/grain_383.jpg,rice,C,rice_quality_broken_full_mixed,train
data/raw/Rice/rice_quality/mixed/grain_384.jpg,rice,C,rice_quality_broken_full_mixed,train
data/raw/Rice/rice_quality/mixed/grain_385.jpg,rice,C,rice_quality_broken_full_mixed,train
data/raw/Rice/rice_quality/mixed/grain_386.jpg,rice,C,rice_quality_broken_full_mixed,train
data/raw/Rice/rice_quality/mixed/grain_387.jpg,rice,C,rice_quality_broken_full_mixed,train
data/raw/Rice/rice_quality/mixed/grain_389.jpg,rice,C,rice_quality_broken_full_mixed,train
data/raw/Rice/rice_quality/mixed/grain_390.jpg,rice,C,rice_quality_broken_full_mixed,train
data/raw/Rice/rice_quality/mixed/grain_391.jpg,rice,C,rice_quality_broken_full_mixed,train
data/raw/Rice/rice_quality/mixed/grain_392.jpg,rice,C,rice_quality_broken_full_mixed,train
data/raw/Rice/rice_quality/mixed/grain_393.jpg,rice,C,rice_quality_broken_full_mixed,train
data/raw/Rice/rice_quality/mixed/grain_396.jpg,rice,C,rice_quality_broken_full_mixed,train
data/raw/Rice/rice_quality/mixed/grain_397.jpg,rice,C,rice_quality_broken_full_mixed,train
data/raw/Rice/rice_quality/mixed/grain_398.jpg,rice,C,rice_quality_broken_full_mixed,train
data/raw/Rice/rice_quality/mixed/grain_399.jpg,rice,C,rice_quality_broken_full_mixed,train
data/raw/Rice/rice_quality/mixed/grain_4.jpg,rice,C,rice_quality_broken_full_mixed,train
data/raw/Rice/rice_quality/mixed/grain_40.jpg,rice,C,rice_quality_broken_full_mixed,train
data/raw/Rice/rice_quality/mixed/grain_400.jpg,rice,C,rice_quality_broken_full_mixed,train
data/raw/Rice/rice_quality/mixed/grain_401.jpg,rice,C,rice_quality_broken_full_mixed,train
data/raw/Rice/rice_quality/mixed/grain_402.jpg,rice,C,rice_quality_broken_full_mixed,train
data/raw/Rice/rice_quality/mixed/grain_403.jpg,rice,C,rice_quality_broken_full_mixed,train
data/raw/Rice/rice_quality/mixed/grain_405.jpg,rice,C,rice_quality_broken_full_mixed,train
data/raw/Rice/rice_quality/mixed/grain_406.jpg,rice,C,rice_quality_broken_full_mixed,train
data/raw/Rice/rice_quality/mixed/grain_408.jpg,rice,C,rice_quality_broken_full_mixed,train
data/raw/Rice/rice_quality/mixed/grain_409.jpg,rice,C,rice_quality_broken_full_mixed,train
data/raw/Rice/rice_quality/mixed/grain_411.jpg,rice,C,rice_quality_broken_full_mixed,train
data/raw/Rice/rice_quality/mixed/grain_415.jpg,rice,C,rice_quality_broken_full_mixed,train
data/raw/Rice/rice_quality/mixed/grain_416.jpg,rice,C,rice_quality_broken_full_mixed,train
data/raw/Rice/rice_quality/mixed/grain_417.jpg,rice,C,rice_quality_broken_full_mixed,train
data/raw/Rice/rice_quality/mixed/grain_418.jpg,rice,C,rice_quality_broken_full_mixed,train
data/raw/Rice/rice_quality/mixed/grain_419.jpg,rice,C,rice_quality_broken_full_mixed,train
data/raw/Rice/rice_quality/mixed/grain_42.jpg,rice,C,rice_quality_broken_full_mixed,train
data/raw/Rice/rice_quality/mixed/grain_421.jpg,rice,C,rice_quality_broken_full_mixed,train
data/raw/Rice/rice_quality/mixed/grain_422.jpg,rice,C,rice_quality_broken_full_mixed,train
data/raw/Rice/rice_quality/mixed/grain_423.jpg,rice,C,rice_quality_broken_full_mixed,train
data/raw/Rice/rice_quality/mixed/grain_424.jpg,rice,C,rice_quality_broken_full_mixed,train
data/raw/Rice/rice_quality/mixed/grain_425.jpg,rice,C,rice_quality_broken_full_mixed,train
data/raw/Rice/rice_quality/mixed/grain_426.jpg,rice,C,rice_quality_broken_full_mixed,train
data/raw/Rice/rice_quality/mixed/grain_427.jpg,rice,C,rice_quality_broken_full_mixed,train
data/raw/Rice/rice_quality/mixed/grain_428.jpg,rice,C,rice_quality_broken_full_mixed,train
data/raw/Rice/rice_quality/mixed/grain_43.jpg,rice,C,rice_quality_broken_full_mixed,train
data/raw/Rice/rice_quality/mixed/grain_430.jpg,rice,C,rice_quality_broken_full_mixed,train
data/raw/Rice/rice_quality/mixed/grain_431.jpg,rice,C,rice_quality_broken_full_mixed,train
data/raw/Rice/rice_quality/mixed/grain_432.jpg,rice,C,rice_quality_broken_full_mixed,train
data/raw/Rice/rice_quality/mixed/grain_434.jpg,rice,C,rice_quality_broken_full_mixed,train
data/raw/Rice/rice_quality/mixed/grain_435.jpg,rice,C,rice_quality_broken_full_mixed,train
data/raw/Rice/rice_quality/mixed/grain_436.jpg,rice,C,rice_quality_broken_full_mixed,train
data/raw/Rice/rice_quality/mixed/grain_438.jpg,rice,C,rice_quality_broken_full_mixed,train
data/raw/Rice/rice_quality/mixed/grain_439.jpg,rice,C,rice_quality_broken_full_mixed,train
data/raw/Rice/rice_quality/mixed/grain_440.jpg,rice,C,rice_quality_broken_full_mixed,train
data/raw/Rice/rice_quality/mixed/grain_441.jpg,rice,C,rice_quality_broken_full_mixed,train
data/raw/Rice/rice_quality/mixed/grain_445.jpg,rice,C,rice_quality_broken_full_mixed,train
data/raw/Rice/rice_quality/mixed/grain_446.jpg,rice,C,rice_quality_broken_full_mixed,train
data/raw/Rice/rice_quality/mixed/grain_449.jpg,rice,C,rice_quality_broken_full_mixed,train
data/raw/Rice/rice_quality/mixed/grain_45.jpg,rice,C,rice_quality_broken_full_mixed,train
data/raw/Rice/rice_quality/mixed/grain_450.jpg,rice,C,rice_quality_broken_full_mixed,train
data/raw/Rice/rice_quality/mixed/grain_451.jpg,rice,C,rice_quality_broken_full_mixed,train
data/raw/Rice/rice_quality/mixed/grain_452.jpg,rice,C,rice_quality_broken_full_mixed,train
data/raw/Rice/rice_quality/mixed/grain_453.jpg,rice,C,rice_quality_broken_full_mixed,train
data/raw/Rice/rice_quality/mixed/grain_454.jpg,rice,C,rice_quality_broken_full_mixed,train
data/raw/Rice/rice_quality/mixed/grain_455.jpg,rice,C,rice_quality_broken_full_mixed,train
data/raw/Rice/rice_quality/mixed/grain_456.jpg,rice,C,rice_quality_broken_full_mixed,train
data/raw/Rice/rice_quality/mixed/grain_458.jpg,rice,C,rice_quality_broken_full_mixed,train
data/raw/Rice/rice_quality/mixed/grain_459.jpg,rice,C,rice_quality_broken_full_mixed,train
data/raw/Rice/rice_quality/mixed/grain_460.jpg,rice,C,rice_quality_broken_full_mixed,train
data/raw/Rice/rice_quality/mixed/grain_461.jpg,rice,C,rice_quality_broken_full_mixed,train
data/raw/Rice/rice_quality/mixed/grain_462.jpg,rice,C,rice_quality_broken_full_mixed,train
data/raw/Rice/rice_quality/mixed/grain_464.jpg,rice,C,rice_quality_broken_full_mixed,train
data/raw/Rice/rice_quality/mixed/grain_465.jpg,rice,C,rice_quality_broken_full_mixed,train
data/raw/Rice/rice_quality/mixed/grain_466.jpg,rice,C,rice_quality_broken_full_mixed,train
data/raw/Rice/rice_quality/mixed/grain_467.jpg,rice,C,rice_quality_broken_full_mixed,train
data/raw/Rice/rice_quality/mixed/grain_469.jpg,rice,C,rice_quality_broken_full_mixed,train
data/raw/Rice/rice_quality/mixed/grain_47.jpg,rice,C,rice_quality_broken_full_mixed,train
data/raw/Rice/rice_quality/mixed/grain_470.jpg,rice,C,rice_quality_broken_full_mixed,train
data/raw/Rice/rice_quality/mixed/grain_471.jpg,rice,C,rice_quality_broken_full_mixed,train
data/raw/Rice/rice_quality/mixed/grain_472.jpg,rice,C,rice_quality_broken_full_mixed,train
data/raw/Rice/rice_quality/mixed/grain_473.jpg,rice,C,rice_quality_broken_full_mixed,train
data/raw/Rice/rice_quality/mixed/grain_474.jpg,rice,C,rice_quality_broken_full_mixed,train
data/raw/Rice/rice_quality/mixed/grain_475.jpg,rice,C,rice_quality_broken_full_mixed,train
data/raw/Rice/rice_quality/mixed/grain_476.jpg,rice,C,rice_quality_broken_full_mixed,train
data/raw/Rice/rice_quality/mixed/grain_477.jpg,rice,C,rice_quality_broken_full_mixed,train
data/raw/Rice/rice_quality/mixed/grain_479.jpg,rice,C,rice_quality_broken_full_mixed,train
data/raw/Rice/rice_quality/mixed/grain_48.jpg,rice,C,rice_quality_broken_full_mixed,train
data/raw/Rice/rice_quality/mixed/grain_480.jpg,rice,C,rice_quality_broken_full_mixed,train
data/raw/Rice/rice_quality/mixed/grain_481.jpg,rice,C,rice_quality_broken_full_mixed,train
data/raw/Rice/rice_quality/mixed/grain_482.jpg,rice,C,rice_quality_broken_full_mixed,train
data/raw/Rice/rice_quality/mixed/grain_484.jpg,rice,C,rice_quality_broken_full_mixed,train
data/raw/Rice/rice_quality/mixed/grain_485.jpg,rice,C,rice_quality_broken_full_mixed,train
data/raw/Rice/rice_quality/mixed/grain_486.jpg,rice,C,rice_quality_broken_full_mixed,train
data/raw/Rice/rice_quality/mixed/grain_489.jpg,rice,C,rice_quality_broken_full_mixed,train
data/raw/Rice/rice_quality/mixed/grain_49.jpg,rice,C,rice_quality_broken_full_mixed,train
data/raw/Rice/rice_quality/mixed/grain_491.jpg,rice,C,rice_quality_broken_full_mixed,train
data/raw/Rice/rice_quality/mixed/grain_492.jpg,rice,C,rice_quality_broken_full_mixed,train
data/raw/Rice/rice_quality/mixed/grain_494.jpg,rice,C,rice_quality_broken_full_mixed,train
data/raw/Rice/rice_quality/mixed/grain_495.jpg,rice,C,rice_quality_broken_full_mixed,train
data/raw/Rice/rice_quality/mixed/grain_497.jpg,rice,C,rice_quality_broken_full_mixed,train
data/raw/Rice/rice_quality/mixed/grain_498.jpg,rice,C,rice_quality_broken_full_mixed,train
data/raw/Rice/rice_quality/mixed/grain_499.jpg,rice,C,rice_quality_broken_full_mixed,train
data/raw/Rice/rice_quality/mixed/grain_50.jpg,rice,C,rice_quality_broken_full_mixed,train
data/raw/Rice/rice_quality/mixed/grain_500.jpg,rice,C,rice_quality_broken_full_mixed,train
data/raw/Rice/rice_quality/mixed/grain_502.jpg,rice,C,rice_quality_broken_full_mixed,train
data/raw/Rice/rice_quality/mixed/grain_503.jpg,rice,C,rice_quality_broken_full_mixed,train
data/raw/Rice/rice_quality/mixed/grain_505.jpg,rice,C,rice_quality_broken_full_mixed,train
data/raw/Rice/rice_quality/mixed/grain_507.jpg,rice,C,rice_quality_broken_full_mixed,train
data/raw/Rice/rice_quality/mixed/grain_509.jpg,rice,C,rice_quality_broken_full_mixed,train
data/raw/Rice/rice_quality/mixed/grain_51.jpg,rice,C,rice_quality_broken_full_mixed,train
data/raw/Rice/rice_quality/mixed/grain_510.jpg,rice,C,rice_quality_broken_full_mixed,train
data/raw/Rice/rice_quality/mixed/grain_511.jpg,rice,C,rice_quality_broken_full_mixed,train
data/raw/Rice/rice_quality/mixed/grain_516.jpg,rice,C,rice_quality_broken_full_mixed,train
data/raw/Rice/rice_quality/mixed/grain_517.jpg,rice,C,rice_quality_broken_full_mixed,train
data/raw/Rice/rice_quality/mixed/grain_518.jpg,rice,C,rice_quality_broken_full_mixed,train
data/raw/Rice/rice_quality/mixed/grain_519.jpg,rice,C,rice_quality_broken_full_mixed,train
data/raw/Rice/rice_quality/mixed/grain_520.jpg,rice,C,rice_quality_broken_full_mixed,train
data/raw/Rice/rice_quality/mixed/grain_522.jpg,rice,C,rice_quality_broken_full_mixed,train
data/raw/Rice/rice_quality/mixed/grain_524.jpg,rice,C,rice_quality_broken_full_mixed,train
data/raw/Rice/rice_quality/mixed/grain_525.jpg,rice,C,rice_quality_broken_full_mixed,train
data/raw/Rice/rice_quality/mixed/grain_528.jpg,rice,C,rice_quality_broken_full_mixed,train
data/raw/Rice/rice_quality/mixed/grain_53.jpg,rice,C,rice_quality_broken_full_mixed,train
data/raw/Rice/rice_quality/mixed/grain_530.jpg,rice,C,rice_quality_broken_full_mixed,train
data/raw/Rice/rice_quality/mixed/grain_531.jpg,rice,C,rice_quality_broken_full_mixed,train
data/raw/Rice/rice_quality/mixed/grain_532.jpg,rice,C,rice_quality_broken_full_mixed,train
data/raw/Rice/rice_quality/mixed/grain_533.jpg,rice,C,rice_quality_broken_full_mixed,train
data/raw/Rice/rice_quality/mixed/grain_534.jpg,rice,C,rice_quality_broken_full_mixed,train
data/raw/Rice/rice_quality/mixed/grain_535.jpg,rice,C,rice_quality_broken_full_mixed,train
data/raw/Rice/rice_quality/mixed/grain_537.jpg,rice,C,rice_quality_broken_full_mixed,train
data/raw/Rice/rice_quality/mixed/grain_538.jpg,rice,C,rice_quality_broken_full_mixed,train
data/raw/Rice/rice_quality/mixed/grain_539.jpg,rice,C,rice_quality_broken_full_mixed,train
data/raw/Rice/rice_quality/mixed/grain_54.jpg,rice,C,rice_quality_broken_full_mixed,train
data/raw/Rice/rice_quality/mixed/grain_540.jpg,rice,C,rice_quality_broken_full_mixed,train
data/raw/Rice/rice_quality/mixed/grain_541.jpg,rice,C,rice_quality_broken_full_mixed,train
data/raw/Rice/rice_quality/mixed/grain_542.jpg,rice,C,rice_quality_broken_full_mixed,train
data/raw/Rice/rice_quality/mixed/grain_544.jpg,rice,C,rice_quality_broken_full_mixed,train
data/raw/Rice/rice_quality/mixed/grain_545.jpg,rice,C,rice_quality_broken_full_mixed,train
data/raw/Rice/rice_quality/mixed/grain_548.jpg,rice,C,rice_quality_broken_full_mixed,train
data/raw/Rice/rice_quality/mixed/grain_55.jpg,rice,C,rice_quality_broken_full_mixed,train
data/raw/Rice/rice_quality/mixed/grain_550.jpg,rice,C,rice_quality_broken_full_mixed,train
data/raw/Rice/rice_quality/mixed/grain_552.jpg,rice,C,rice_quality_broken_full_mixed,train
data/raw/Rice/rice_quality/mixed/grain_554.jpg,rice,C,rice_quality_broken_full_mixed,train
data/raw/Rice/rice_quality/mixed/grain_556.jpg,rice,C,rice_quality_broken_full_mixed,train
data/raw/Rice/rice_quality/mixed/grain_558.jpg,rice,C,rice_quality_broken_full_mixed,train
data/raw/Rice/rice_quality/mixed/grain_56.jpg,rice,C,rice_quality_broken_full_mixed,train
data/raw/Rice/rice_quality/mixed/grain_561.jpg,rice,C,rice_quality_broken_full_mixed,train
data/raw/Rice/rice_quality/mixed/grain_562.jpg,rice,C,rice_quality_broken_full_mixed,train
data/raw/Rice/rice_quality/mixed/grain_564.jpg,rice,C,rice_quality_broken_full_mixed,train
data/raw/Rice/rice_quality/mixed/grain_565.jpg,rice,C,rice_quality_broken_full_mixed,train
data/raw/Rice/rice_quality/mixed/grain_566.jpg,rice,C,rice_quality_broken_full_mixed,train
data/raw/Rice/rice_quality/mixed/grain_568.jpg,rice,C,rice_quality_broken_full_mixed,train
data/raw/Rice/rice_quality/mixed/grain_569.jpg,rice,C,rice_quality_broken_full_mixed,train
data/raw/Rice/rice_quality/mixed/grain_57.jpg,rice,C,rice_quality_broken_full_mixed,train
data/raw/Rice/rice_quality/mixed/grain_574.jpg,rice,C,rice_quality_broken_full_mixed,train
data/raw/Rice/rice_quality/mixed/grain_575.jpg,rice,C,rice_quality_broken_full_mixed,train
data/raw/Rice/rice_quality/mixed/grain_578.jpg,rice,C,rice_quality_broken_full_mixed,train
data/raw/Rice/rice_quality/mixed/grain_58.jpg,rice,C,rice_quality_broken_full_mixed,train
data/raw/Rice/rice_quality/mixed/grain_580.jpg,rice,C,rice_quality_broken_full_mixed,train
data/raw/Rice/rice_quality/mixed/grain_583.jpg,rice,C,rice_quality_broken_full_mixed,train
data/raw/Rice/rice_quality/mixed/grain_586.jpg,rice,C,rice_quality_broken_full_mixed,train
data/raw/Rice/rice_quality/mixed/grain_587.jpg,rice,C,rice_quality_broken_full_mixed,train
data/raw/Rice/rice_quality/mixed/grain_588.jpg,rice,C,rice_quality_broken_full_mixed,train
data/raw/Rice/rice_quality/mixed/grain_59.jpg,rice,C,rice_quality_broken_full_mixed,train
data/raw/Rice/rice_quality/mixed/grain_590.jpg,rice,C,rice_quality_broken_full_mixed,train
data/raw/Rice/rice_quality/mixed/grain_591.jpg,rice,C,rice_quality_broken_full_mixed,train
data/raw/Rice/rice_quality/mixed/grain_592.jpg,rice,C,rice_quality_broken_full_mixed,train
data/raw/Rice/rice_quality/mixed/grain_593.jpg,rice,C,rice_quality_broken_full_mixed,train
data/raw/Rice/rice_quality/mixed/grain_595.jpg,rice,C,rice_quality_broken_full_mixed,train
data/raw/Rice/rice_quality/mixed/grain_597.jpg,rice,C,rice_quality_broken_full_mixed,train
data/raw/Rice/rice_quality/mixed/grain_599.jpg,rice,C,rice_quality_broken_full_mixed,train
data/raw/Rice/rice_quality/mixed/grain_6.jpg,rice,C,rice_quality_broken_full_mixed,train
data/raw/Rice/rice_quality/mixed/grain_60.jpg,rice,C,rice_quality_broken_full_mixed,train
data/raw/Rice/rice_quality/mixed/grain_600.jpg,rice,C,rice_quality_broken_full_mixed,train
data/raw/Rice/rice_quality/mixed/grain_602.jpg,rice,C,rice_quality_broken_full_mixed,train
data/raw/Rice/rice_quality/mixed/grain_603.jpg,rice,C,rice_quality_broken_full_mixed,train
data/raw/Rice/rice_quality/mixed/grain_605.jpg,rice,C,rice_quality_broken_full_mixed,train
data/raw/Rice/rice_quality/mixed/grain_606.jpg,rice,C,rice_quality_broken_full_mixed,train
data/raw/Rice/rice_quality/mixed/grain_607.jpg,rice,C,rice_quality_broken_full_mixed,train
data/raw/Rice/rice_quality/mixed/grain_609.jpg,rice,C,rice_quality_broken_full_mixed,train
data/raw/Rice/rice_quality/mixed/grain_61.jpg,rice,C,rice_quality_broken_full_mixed,train
data/raw/Rice/rice_quality/mixed/grain_610.jpg,rice,C,rice_quality_broken_full_mixed,train
data/raw/Rice/rice_quality/mixed/grain_611.jpg,rice,C,rice_quality_broken_full_mixed,train
data/raw/Rice/rice_quality/mixed/grain_612.jpg,rice,C,rice_quality_broken_full_mixed,train
data/raw/Rice/rice_quality/mixed/grain_613.jpg,rice,C,rice_quality_broken_full_mixed,train
data/raw/Rice/rice_quality/mixed/grain_615.jpg,rice,C,rice_quality_broken_full_mixed,train
data/raw/Rice/rice_quality/mixed/grain_616.jpg,rice,C,rice_quality_broken_full_mixed,train
data/raw/Rice/rice_quality/mixed/grain_617.jpg,rice,C,rice_quality_broken_full_mixed,train
data/raw/Rice/rice_quality/mixed/grain_618.jpg,rice,C,rice_quality_broken_full_mixed,train
data/raw/Rice/rice_quality/mixed/grain_621.jpg,rice,C,rice_quality_broken_full_mixed,train
data/raw/Rice/rice_quality/mixed/grain_622.jpg,rice,C,rice_quality_broken_full_mixed,train
data/raw/Rice/rice_quality/mixed/grain_623.jpg,rice,C,rice_quality_broken_full_mixed,train
data/raw/Rice/rice_quality/mixed/grain_624.jpg,rice,C,rice_quality_broken_full_mixed,train
data/raw/Rice/rice_quality/mixed/grain_625.jpg,rice,C,rice_quality_broken_full_mixed,train
data/raw/Rice/rice_quality/mixed/grain_626.jpg,rice,C,rice_quality_broken_full_mixed,train
data/raw/Rice/rice_quality/mixed/grain_627.jpg,rice,C,rice_quality_broken_full_mixed,train
data/raw/Rice/rice_quality/mixed/grain_628.jpg,rice,C,rice_quality_broken_full_mixed,train
data/raw/Rice/rice_quality/mixed/grain_629.jpg,rice,C,rice_quality_broken_full_mixed,train
data/raw/Rice/rice_quality/mixed/grain_63.jpg,rice,C,rice_quality_broken_full_mixed,train
data/raw/Rice/rice_quality/mixed/grain_630.jpg,rice,C,rice_quality_broken_full_mixed,train
data/raw/Rice/rice_quality/mixed/grain_633.jpg,rice,C,rice_quality_broken_full_mixed,train
data/raw/Rice/rice_quality/mixed/grain_635.jpg,rice,C,rice_quality_broken_full_mixed,train
data/raw/Rice/rice_quality/mixed/grain_636.jpg,rice,C,rice_quality_broken_full_mixed,train
data/raw/Rice/rice_quality/mixed/grain_637.jpg,rice,C,rice_quality_broken_full_mixed,train
data/raw/Rice/rice_quality/mixed/grain_638.jpg,rice,C,rice_quality_broken_full_mixed,train
data/raw/Rice/rice_quality/mixed/grain_639.jpg,rice,C,rice_quality_broken_full_mixed,train
data/raw/Rice/rice_quality/mixed/grain_64.jpg,rice,C,rice_quality_broken_full_mixed,train
data/raw/Rice/rice_quality/mixed/grain_641.jpg,rice,C,rice_quality_broken_full_mixed,train
data/raw/Rice/rice_quality/mixed/grain_642.jpg,rice,C,rice_quality_broken_full_mixed,train
data/raw/Rice/rice_quality/mixed/grain_643.jpg,rice,C,rice_quality_broken_full_mixed,train
data/raw/Rice/rice_quality/mixed/grain_645.jpg,rice,C,rice_quality_broken_full_mixed,train
data/raw/Rice/rice_quality/mixed/grain_646.jpg,rice,C,rice_quality_broken_full_mixed,train
data/raw/Rice/rice_quality/mixed/grain_647.jpg,rice,C,rice_quality_broken_full_mixed,train
data/raw/Rice/rice_quality/mixed/grain_648.jpg,rice,C,rice_quality_broken_full_mixed,train
data/raw/Rice/rice_quality/mixed/grain_649.jpg,rice,C,rice_quality_broken_full_mixed,train
data/raw/Rice/rice_quality/mixed/grain_65.jpg,rice,C,rice_quality_broken_full_mixed,train
data/raw/Rice/rice_quality/mixed/grain_652.jpg,rice,C,rice_quality_broken_full_mixed,train
data/raw/Rice/rice_quality/mixed/grain_653.jpg,rice,C,rice_quality_broken_full_mixed,train
data/raw/Rice/rice_quality/mixed/grain_654.jpg,rice,C,rice_quality_broken_full_mixed,train
data/raw/Rice/rice_quality/mixed/grain_657.jpg,rice,C,rice_quality_broken_full_mixed,train
data/raw/Rice/rice_quality/mixed/grain_659.jpg,rice,C,rice_quality_broken_full_mixed,train
data/raw/Rice/rice_quality/mixed/grain_660.jpg,rice,C,rice_quality_broken_full_mixed,train
data/raw/Rice/rice_quality/mixed/grain_663.jpg,rice,C,rice_quality_broken_full_mixed,train
data/raw/Rice/rice_quality/mixed/grain_664.jpg,rice,C,rice_quality_broken_full_mixed,train
data/raw/Rice/rice_quality/mixed/grain_665.jpg,rice,C,rice_quality_broken_full_mixed,train
data/raw/Rice/rice_quality/mixed/grain_668.jpg,rice,C,rice_quality_broken_full_mixed,train
data/raw/Rice/rice_quality/mixed/grain_669.jpg,rice,C,rice_quality_broken_full_mixed,train
data/raw/Rice/rice_quality/mixed/grain_67.jpg,rice,C,rice_quality_broken_full_mixed,train
data/raw/Rice/rice_quality/mixed/grain_670.jpg,rice,C,rice_quality_broken_full_mixed,train
data/raw/Rice/rice_quality/mixed/grain_673.jpg,rice,C,rice_quality_broken_full_mixed,train
data/raw/Rice/rice_quality/mixed/grain_674.jpg,rice,C,rice_quality_broken_full_mixed,train
data/raw/Rice/rice_quality/mixed/grain_675.jpg,rice,C,rice_quality_broken_full_mixed,train
data/raw/Rice/rice_quality/mixed/grain_676.jpg,rice,C,rice_quality_broken_full_mixed,train
data/raw/Rice/rice_quality/mixed/grain_677.jpg,rice,C,rice_quality_broken_full_mixed,train
data/raw/Rice/rice_quality/mixed/grain_679.jpg,rice,C,rice_quality_broken_full_mixed,train
data/raw/Rice/rice_quality/mixed/grain_680.jpg,rice,C,rice_quality_broken_full_mixed,train
data/raw/Rice/rice_quality/mixed/grain_681.jpg,rice,C,rice_quality_broken_full_mixed,train
data/raw/Rice/rice_quality/mixed/grain_686.jpg,rice,C,rice_quality_broken_full_mixed,train
data/raw/Rice/rice_quality/mixed/grain_687.jpg,rice,C,rice_quality_broken_full_mixed,train
data/raw/Rice/rice_quality/mixed/grain_688.jpg,rice,C,rice_quality_broken_full_mixed,train
data/raw/Rice/rice_quality/mixed/grain_689.jpg,rice,C,rice_quality_broken_full_mixed,train
data/raw/Rice/rice_quality/mixed/grain_690.jpg,rice,C,rice_quality_broken_full_mixed,train
data/raw/Rice/rice_quality/mixed/grain_691.jpg,rice,C,rice_quality_broken_full_mixed,train
data/raw/Rice/rice_quality/mixed/grain_692.jpg,rice,C,rice_quality_broken_full_mixed,train
data/raw/Rice/rice_quality/mixed/grain_693.jpg,rice,C,rice_quality_broken_full_mixed,train
data/raw/Rice/rice_quality/mixed/grain_696.jpg,rice,C,rice_quality_broken_full_mixed,train
data/raw/Rice/rice_quality/mixed/grain_697.jpg,rice,C,rice_quality_broken_full_mixed,train
data/raw/Rice/rice_quality/mixed/grain_698.jpg,rice,C,rice_quality_broken_full_mixed,train
data/raw/Rice/rice_quality/mixed/grain_699.jpg,rice,C,rice_quality_broken_full_mixed,train
data/raw/Rice/rice_quality/mixed/grain_7.jpg,rice,C,rice_quality_broken_full_mixed,train
data/raw/Rice/rice_quality/mixed/grain_70.jpg,rice,C,rice_quality_broken_full_mixed,train
data/raw/Rice/rice_quality/mixed/grain_700.jpg,rice,C,rice_quality_broken_full_mixed,train
data/raw/Rice/rice_quality/mixed/grain_701.jpg,rice,C,rice_quality_broken_full_mixed,train
data/raw/Rice/rice_quality/mixed/grain_702.jpg,rice,C,rice_quality_broken_full_mixed,train
data/raw/Rice/rice_quality/mixed/grain_703.jpg,rice,C,rice_quality_broken_full_mixed,train
data/raw/Rice/rice_quality/mixed/grain_707.jpg,rice,C,rice_quality_broken_full_mixed,train
data/raw/Rice/rice_quality/mixed/grain_708.jpg,rice,C,rice_quality_broken_full_mixed,train
data/raw/Rice/rice_quality/mixed/grain_709.jpg,rice,C,rice_quality_broken_full_mixed,train
data/raw/Rice/rice_quality/mixed/grain_71.jpg,rice,C,rice_quality_broken_full_mixed,train
data/raw/Rice/rice_quality/mixed/grain_712.jpg,rice,C,rice_quality_broken_full_mixed,train
data/raw/Rice/rice_quality/mixed/grain_713.jpg,rice,C,rice_quality_broken_full_mixed,train
data/raw/Rice/rice_quality/mixed/grain_714.jpg,rice,C,rice_quality_broken_full_mixed,train
data/raw/Rice/rice_quality/mixed/grain_716.jpg,rice,C,rice_quality_broken_full_mixed,train
data/raw/Rice/rice_quality/mixed/grain_717.jpg,rice,C,rice_quality_broken_full_mixed,train
data/raw/Rice/rice_quality/mixed/grain_718.jpg,rice,C,rice_quality_broken_full_mixed,train
data/raw/Rice/rice_quality/mixed/grain_719.jpg,rice,C,rice_quality_broken_full_mixed,train
data/raw/Rice/rice_quality/mixed/grain_72.jpg,rice,C,rice_quality_broken_full_mixed,train
data/raw/Rice/rice_quality/mixed/grain_720.jpg,rice,C,rice_quality_broken_full_mixed,train
data/raw/Rice/rice_quality/mixed/grain_721.jpg,rice,C,rice_quality_broken_full_mixed,train
data/raw/Rice/rice_quality/mixed/grain_722.jpg,rice,C,rice_quality_broken_full_mixed,train
data/raw/Rice/rice_quality/mixed/grain_723.jpg,rice,C,rice_quality_broken_full_mixed,train
data/raw/Rice/rice_quality/mixed/grain_724.jpg,rice,C,rice_quality_broken_full_mixed,train
data/raw/Rice/rice_quality/mixed/grain_725.jpg,rice,C,rice_quality_broken_full_mixed,train
data/raw/Rice/rice_quality/mixed/grain_726.jpg,rice,C,rice_quality_broken_full_mixed,train
data/raw/Rice/rice_quality/mixed/grain_728.jpg,rice,C,rice_quality_broken_full_mixed,train
data/raw/Rice/rice_quality/mixed/grain_731.jpg,rice,C,rice_quality_broken_full_mixed,train
data/raw/Rice/rice_quality/mixed/grain_732.jpg,rice,C,rice_quality_broken_full_mixed,train
data/raw/Rice/rice_quality/mixed/grain_733.jpg,rice,C,rice_quality_broken_full_mixed,train
data/raw/Rice/rice_quality/mixed/grain_734.jpg,rice,C,rice_quality_broken_full_mixed,train
data/raw/Rice/rice_quality/mixed/grain_735.jpg,rice,C,rice_quality_broken_full_mixed,train
data/raw/Rice/rice_quality/mixed/grain_736.jpg,rice,C,rice_quality_broken_full_mixed,train
data/raw/Rice/rice_quality/mixed/grain_737.jpg,rice,C,rice_quality_broken_full_mixed,train
data/raw/Rice/rice_quality/mixed/grain_74.jpg,rice,C,rice_quality_broken_full_mixed,train
data/raw/Rice/rice_quality/mixed/grain_741.jpg,rice,C,rice_quality_broken_full_mixed,train
data/raw/Rice/rice_quality/mixed/grain_742.jpg,rice,C,rice_quality_broken_full_mixed,train
data/raw/Rice/rice_quality/mixed/grain_743.jpg,rice,C,rice_quality_broken_full_mixed,train
data/raw/Rice/rice_quality/mixed/grain_746.jpg,rice,C,rice_quality_broken_full_mixed,train
data/raw/Rice/rice_quality/mixed/grain_748.jpg,rice,C,rice_quality_broken_full_mixed,train
data/raw/Rice/rice_quality/mixed/grain_749.jpg,rice,C,rice_quality_broken_full_mixed,train
data/raw/Rice/rice_quality/mixed/grain_75.jpg,rice,C,rice_quality_broken_full_mixed,train
data/raw/Rice/rice_quality/mixed/grain_750.jpg,rice,C,rice_quality_broken_full_mixed,train
data/raw/Rice/rice_quality/mixed/grain_752.jpg,rice,C,rice_quality_broken_full_mixed,train
data/raw/Rice/rice_quality/mixed/grain_753.jpg,rice,C,rice_quality_broken_full_mixed,train
data/raw/Rice/rice_quality/mixed/grain_754.jpg,rice,C,rice_quality_broken_full_mixed,train
data/raw/Rice/rice_quality/mixed/grain_755.jpg,rice,C,rice_quality_broken_full_mixed,train
data/raw/Rice/rice_quality/mixed/grain_756.jpg,rice,C,rice_quality_broken_full_mixed,train
data/raw/Rice/rice_quality/mixed/grain_757.jpg,rice,C,rice_quality_broken_full_mixed,train
data/raw/Rice/rice_quality/mixed/grain_758.jpg,rice,C,rice_quality_broken_full_mixed,train
data/raw/Rice/rice_quality/mixed/grain_76.jpg,rice,C,rice_quality_broken_full_mixed,train
data/raw/Rice/rice_quality/mixed/grain_760.jpg,rice,C,rice_quality_broken_full_mixed,train
data/raw/Rice/rice_quality/mixed/grain_761.jpg,rice,C,rice_quality_broken_full_mixed,train
data/raw/Rice/rice_quality/mixed/grain_762.jpg,rice,C,rice_quality_broken_full_mixed,train
data/raw/Rice/rice_quality/mixed/grain_763.jpg,rice,C,rice_quality_broken_full_mixed,train
data/raw/Rice/rice_quality/mixed/grain_764.jpg,rice,C,rice_quality_broken_full_mixed,train
data/raw/Rice/rice_quality/mixed/grain_766.jpg,rice,C,rice_quality_broken_full_mixed,train
data/raw/Rice/rice_quality/mixed/grain_769.jpg,rice,C,rice_quality_broken_full_mixed,train
data/raw/Rice/rice_quality/mixed/grain_77.jpg,rice,C,rice_quality_broken_full_mixed,train
data/raw/Rice/rice_quality/mixed/grain_770.jpg,rice,C,rice_quality_broken_full_mixed,train
data/raw/Rice/rice_quality/mixed/grain_771.jpg,rice,C,rice_quality_broken_full_mixed,train
data/raw/Rice/rice_quality/mixed/grain_772.jpg,rice,C,rice_quality_broken_full_mixed,train
data/raw/Rice/rice_quality/mixed/grain_773.jpg,rice,C,rice_quality_broken_full_mixed,train
data/raw/Rice/rice_quality/mixed/grain_774.jpg,rice,C,rice_quality_broken_full_mixed,train
data/raw/Rice/rice_quality/mixed/grain_775.jpg,rice,C,rice_quality_broken_full_mixed,train
data/raw/Rice/rice_quality/mixed/grain_777.jpg,rice,C,rice_quality_broken_full_mixed,train
data/raw/Rice/rice_quality/mixed/grain_778.jpg,rice,C,rice_quality_broken_full_mixed,train
data/raw/Rice/rice_quality/mixed/grain_78.jpg,rice,C,rice_quality_broken_full_mixed,train
data/raw/Rice/rice_quality/mixed/grain_780.jpg,rice,C,rice_quality_broken_full_mixed,train
data/raw/Rice/rice_quality/mixed/grain_782.jpg,rice,C,rice_quality_broken_full_mixed,train
data/raw/Rice/rice_quality/mixed/grain_783.jpg,rice,C,rice_quality_broken_full_mixed,train
data/raw/Rice/rice_quality/mixed/grain_784.jpg,rice,C,rice_quality_broken_full_mixed,train
data/raw/Rice/rice_quality/mixed/grain_786.jpg,rice,C,rice_quality_broken_full_mixed,train
data/raw/Rice/rice_quality/mixed/grain_787.jpg,rice,C,rice_quality_broken_full_mixed,train
data/raw/Rice/rice_quality/mixed/grain_789.jpg,rice,C,rice_quality_broken_full_mixed,train
data/raw/Rice/rice_quality/mixed/grain_79.jpg,rice,C,rice_quality_broken_full_mixed,train
data/raw/Rice/rice_quality/mixed/grain_790.jpg,rice,C,rice_quality_broken_full_mixed,train
data/raw/Rice/rice_quality/mixed/grain_791.jpg,rice,C,rice_quality_broken_full_mixed,train
data/raw/Rice/rice_quality/mixed/grain_794.jpg,rice,C,rice_quality_broken_full_mixed,train
data/raw/Rice/rice_quality/mixed/grain_795.jpg,rice,C,rice_quality_broken_full_mixed,train
data/raw/Rice/rice_quality/mixed/grain_796.jpg,rice,C,rice_quality_broken_full_mixed,train
data/raw/Rice/rice_quality/mixed/grain_799.jpg,rice,C,rice_quality_broken_full_mixed,train
data/raw/Rice/rice_quality/mixed/grain_8.jpg,rice,C,rice_quality_broken_full_mixed,train
data/raw/Rice/rice_quality/mixed/grain_80.jpg,rice,C,rice_quality_broken_full_mixed,train
data/raw/Rice/rice_quality/mixed/grain_800.jpg,rice,C,rice_quality_broken_full_mixed,train
data/raw/Rice/rice_quality/mixed/grain_801.jpg,rice,C,rice_quality_broken_full_mixed,train
data/raw/Rice/rice_quality/mixed/grain_802.jpg,rice,C,rice_quality_broken_full_mixed,train
data/raw/Rice/rice_quality/mixed/grain_805.jpg,rice,C,rice_quality_broken_full_mixed,train
data/raw/Rice/rice_quality/mixed/grain_807.jpg,rice,C,rice_quality_broken_full_mixed,train
data/raw/Rice/rice_quality/mixed/grain_808.jpg,rice,C,rice_quality_broken_full_mixed,train
data/raw/Rice/rice_quality/mixed/grain_809.jpg,rice,C,rice_quality_broken_full_mixed,train
data/raw/Rice/rice_quality/mixed/grain_81.jpg,rice,C,rice_quality_broken_full_mixed,train
data/raw/Rice/rice_quality/mixed/grain_810.jpg,rice,C,rice_quality_broken_full_mixed,train
data/raw/Rice/rice_quality/mixed/grain_811.jpg,rice,C,rice_quality_broken_full_mixed,train
data/raw/Rice/rice_quality/mixed/grain_813.jpg,rice,C,rice_quality_broken_full_mixed,train
data/raw/Rice/rice_quality/mixed/grain_816.jpg,rice,C,rice_quality_broken_full_mixed,train
data/raw/Rice/rice_quality/mixed/grain_817.jpg,rice,C,rice_quality_broken_full_mixed,train
data/raw/Rice/rice_quality/mixed/grain_819.jpg,rice,C,rice_quality_broken_full_mixed,train
data/raw/Rice/rice_quality/mixed/grain_82.jpg,rice,C,rice_quality_broken_full_mixed,train
data/raw/Rice/rice_quality/mixed/grain_821.jpg,rice,C,rice_quality_broken_full_mixed,train
data/raw/Rice/rice_quality/mixed/grain_822.jpg,rice,C,rice_quality_broken_full_mixed,train
data/raw/Rice/rice_quality/mixed/grain_824.jpg,rice,C,rice_quality_broken_full_mixed,train
data/raw/Rice/rice_quality/mixed/grain_825.jpg,rice,C,rice_quality_broken_full_mixed,train
data/raw/Rice/rice_quality/mixed/grain_826.jpg,rice,C,rice_quality_broken_full_mixed,train
data/raw/Rice/rice_quality/mixed/grain_827.jpg,rice,C,rice_quality_broken_full_mixed,train
data/raw/Rice/rice_quality/mixed/grain_829.jpg,rice,C,rice_quality_broken_full_mixed,train
data/raw/Rice/rice_quality/mixed/grain_830.jpg,rice,C,rice_quality_broken_full_mixed,train
data/raw/Rice/rice_quality/mixed/grain_831.jpg,rice,C,rice_quality_broken_full_mixed,train
data/raw/Rice/rice_quality/mixed/grain_832.jpg,rice,C,rice_quality_broken_full_mixed,train
data/raw/Rice/rice_quality/mixed/grain_833.jpg,rice,C,rice_quality_broken_full_mixed,train
data/raw/Rice/rice_quality/mixed/grain_835.jpg,rice,C,rice_quality_broken_full_mixed,train
data/raw/Rice/rice_quality/mixed/grain_838.jpg,rice,C,rice_quality_broken_full_mixed,train
data/raw/Rice/rice_quality/mixed/grain_839.jpg,rice,C,rice_quality_broken_full_mixed,train
data/raw/Rice/rice_quality/mixed/grain_84.jpg,rice,C,rice_quality_broken_full_mixed,train
data/raw/Rice/rice_quality/mixed/grain_840.jpg,rice,C,rice_quality_broken_full_mixed,train
data/raw/Rice/rice_quality/mixed/grain_841.jpg,rice,C,rice_quality_broken_full_mixed,train
data/raw/Rice/rice_quality/mixed/grain_842.jpg,rice,C,rice_quality_broken_full_mixed,train
data/raw/Rice/rice_quality/mixed/grain_843.jpg,rice,C,rice_quality_broken_full_mixed,train
data/raw/Rice/rice_quality/mixed/grain_845.jpg,rice,C,rice_quality_broken_full_mixed,train
data/raw/Rice/rice_quality/mixed/grain_848.jpg,rice,C,rice_quality_broken_full_mixed,train
data/raw/Rice/rice_quality/mixed/grain_849.jpg,rice,C,rice_quality_broken_full_mixed,train
data/raw/Rice/rice_quality/mixed/grain_85.jpg,rice,C,rice_quality_broken_full_mixed,train
data/raw/Rice/rice_quality/mixed/grain_850.jpg,rice,C,rice_quality_broken_full_mixed,train
data/raw/Rice/rice_quality/mixed/grain_851.jpg,rice,C,rice_quality_broken_full_mixed,train
data/raw/Rice/rice_quality/mixed/grain_852.jpg,rice,C,rice_quality_broken_full_mixed,train
data/raw/Rice/rice_quality/mixed/grain_855.jpg,rice,C,rice_quality_broken_full_mixed,train
data/raw/Rice/rice_quality/mixed/grain_856.jpg,rice,C,rice_quality_broken_full_mixed,train
data/raw/Rice/rice_quality/mixed/grain_857.jpg,rice,C,rice_quality_broken_full_mixed,train
data/raw/Rice/rice_quality/mixed/grain_859.jpg,rice,C,rice_quality_broken_full_mixed,train
data/raw/Rice/rice_quality/mixed/grain_860.jpg,rice,C,rice_quality_broken_full_mixed,train
data/raw/Rice/rice_quality/mixed/grain_861.jpg,rice,C,rice_quality_broken_full_mixed,train
data/raw/Rice/rice_quality/mixed/grain_863.jpg,rice,C,rice_quality_broken_full_mixed,train
data/raw/Rice/rice_quality/mixed/grain_866.jpg,rice,C,rice_quality_broken_full_mixed,train
data/raw/Rice/rice_quality/mixed/grain_867.jpg,rice,C,rice_quality_broken_full_mixed,train
data/raw/Rice/rice_quality/mixed/grain_868.jpg,rice,C,rice_quality_broken_full_mixed,train
data/raw/Rice/rice_quality/mixed/grain_87.jpg,rice,C,rice_quality_broken_full_mixed,train
data/raw/Rice/rice_quality/mixed/grain_870.jpg,rice,C,rice_quality_broken_full_mixed,train
data/raw/Rice/rice_quality/mixed/grain_872.jpg,rice,C,rice_quality_broken_full_mixed,train
data/raw/Rice/rice_quality/mixed/grain_875.jpg,rice,C,rice_quality_broken_full_mixed,train
data/raw/Rice/rice_quality/mixed/grain_876.jpg,rice,C,rice_quality_broken_full_mixed,train
data/raw/Rice/rice_quality/mixed/grain_877.jpg,rice,C,rice_quality_broken_full_mixed,train
data/raw/Rice/rice_quality/mixed/grain_878.jpg,rice,C,rice_quality_broken_full_mixed,train
data/raw/Rice/rice_quality/mixed/grain_879.jpg,rice,C,rice_quality_broken_full_mixed,train
data/raw/Rice/rice_quality/mixed/grain_88.jpg,rice,C,rice_quality_broken_full_mixed,train
data/raw/Rice/rice_quality/mixed/grain_881.jpg,rice,C,rice_quality_broken_full_mixed,train
data/raw/Rice/rice_quality/mixed/grain_882.jpg,rice,C,rice_quality_broken_full_mixed,train
data/raw/Rice/rice_quality/mixed/grain_883.jpg,rice,C,rice_quality_broken_full_mixed,train
data/raw/Rice/rice_quality/mixed/grain_884.jpg,rice,C,rice_quality_broken_full_mixed,train
data/raw/Rice/rice_quality/mixed/grain_885.jpg,rice,C,rice_quality_broken_full_mixed,train
data/raw/Rice/rice_quality/mixed/grain_888.jpg,rice,C,rice_quality_broken_full_mixed,train
data/raw/Rice/rice_quality/mixed/grain_889.jpg,rice,C,rice_quality_broken_full_mixed,train
data/raw/Rice/rice_quality/mixed/grain_89.jpg,rice,C,rice_quality_broken_full_mixed,train
data/raw/Rice/rice_quality/mixed/grain_890.jpg,rice,C,rice_quality_broken_full_mixed,train
data/raw/Rice/rice_quality/mixed/grain_891.jpg,rice,C,rice_quality_broken_full_mixed,train
data/raw/Rice/rice_quality/mixed/grain_892.jpg,rice,C,rice_quality_broken_full_mixed,train
data/raw/Rice/rice_quality/mixed/grain_893.jpg,rice,C,rice_quality_broken_full_mixed,train
data/raw/Rice/rice_quality/mixed/grain_895.jpg,rice,C,rice_quality_broken_full_mixed,train
data/raw/Rice/rice_quality/mixed/grain_896.jpg,rice,C,rice_quality_broken_full_mixed,train
data/raw/Rice/rice_quality/mixed/grain_897.jpg,rice,C,rice_quality_broken_full_mixed,train
data/raw/Rice/rice_quality/mixed/grain_898.jpg,rice,C,rice_quality_broken_full_mixed,train
data/raw/Rice/rice_quality/mixed/grain_90.jpg,rice,C,rice_quality_broken_full_mixed,train
data/raw/Rice/rice_quality/mixed/grain_901.jpg,rice,C,rice_quality_broken_full_mixed,train
data/raw/Rice/rice_quality/mixed/grain_902.jpg,rice,C,rice_quality_broken_full_mixed,train
data/raw/Rice/rice_quality/mixed/grain_904.jpg,rice,C,rice_quality_broken_full_mixed,train
data/raw/Rice/rice_quality/mixed/grain_905.jpg,rice,C,rice_quality_broken_full_mixed,train
data/raw/Rice/rice_quality/mixed/grain_907.jpg,rice,C,rice_quality_broken_full_mixed,train
data/raw/Rice/rice_quality/mixed/grain_909.jpg,rice,C,rice_quality_broken_full_mixed,train
data/raw/Rice/rice_quality/mixed/grain_91.jpg,rice,C,rice_quality_broken_full_mixed,train
data/raw/Rice/rice_quality/mixed/grain_911.jpg,rice,C,rice_quality_broken_full_mixed,train
data/raw/Rice/rice_quality/mixed/grain_912.jpg,rice,C,rice_quality_broken_full_mixed,train
data/raw/Rice/rice_quality/mixed/grain_914.jpg,rice,C,rice_quality_broken_full_mixed,train
data/raw/Rice/rice_quality/mixed/grain_915.jpg,rice,C,rice_quality_broken_full_mixed,train
data/raw/Rice/rice_quality/mixed/grain_917.jpg,rice,C,rice_quality_broken_full_mixed,train
data/raw/Rice/rice_quality/mixed/grain_918.jpg,rice,C,rice_quality_broken_full_mixed,train
data/raw/Rice/rice_quality/mixed/grain_919.jpg,rice,C,rice_quality_broken_full_mixed,train
data/raw/Rice/rice_quality/mixed/grain_920.jpg,rice,C,rice_quality_broken_full_mixed,train
data/raw/Rice/rice_quality/mixed/grain_922.jpg,rice,C,rice_quality_broken_full_mixed,train
data/raw/Rice/rice_quality/mixed/grain_923.jpg,rice,C,rice_quality_broken_full_mixed,train
data/raw/Rice/rice_quality/mixed/grain_925.jpg,rice,C,rice_quality_broken_full_mixed,train
data/raw/Rice/rice_quality/mixed/grain_926.jpg,rice,C,rice_quality_broken_full_mixed,train
data/raw/Rice/rice_quality/mixed/grain_929.jpg,rice,C,rice_quality_broken_full_mixed,train
data/raw/Rice/rice_quality/mixed/grain_934.jpg,rice,C,rice_quality_broken_full_mixed,train
data/raw/Rice/rice_quality/mixed/grain_935.jpg,rice,C,rice_quality_broken_full_mixed,train
data/raw/Rice/rice_quality/mixed/grain_936.jpg,rice,C,rice_quality_broken_full_mixed,train
data/raw/Rice/rice_quality/mixed/grain_937.jpg,rice,C,rice_quality_broken_full_mixed,train
data/raw/Rice/rice_quality/mixed/grain_939.jpg,rice,C,rice_quality_broken_full_mixed,train
data/raw/Rice/rice_quality/mixed/grain_94.jpg,rice,C,rice_quality_broken_full_mixed,train
data/raw/Rice/rice_quality/mixed/grain_940.jpg,rice,C,rice_quality_broken_full_mixed,train
data/raw/Rice/rice_quality/mixed/grain_941.jpg,rice,C,rice_quality_broken_full_mixed,train
data/raw/Rice/rice_quality/mixed/grain_942.jpg,rice,C,rice_quality_broken_full_mixed,train
data/raw/Rice/rice_quality/mixed/grain_943.jpg,rice,C,rice_quality_broken_full_mixed,train
data/raw/Rice/rice_quality/mixed/grain_944.jpg,rice,C,rice_quality_broken_full_mixed,train
data/raw/Rice/rice_quality/mixed/grain_945.jpg,rice,C,rice_quality_broken_full_mixed,train
data/raw/Rice/rice_quality/mixed/grain_946.jpg,rice,C,rice_quality_broken_full_mixed,train
data/raw/Rice/rice_quality/mixed/grain_947.jpg,rice,C,rice_quality_broken_full_mixed,train
data/raw/Rice/rice_quality/mixed/grain_949.jpg,rice,C,rice_quality_broken_full_mixed,train
data/raw/Rice/rice_quality/mixed/grain_95.jpg,rice,C,rice_quality_broken_full_mixed,train
data/raw/Rice/rice_quality/mixed/grain_950.jpg,rice,C,rice_quality_broken_full_mixed,train
data/raw/Rice/rice_quality/mixed/grain_953.jpg,rice,C,rice_quality_broken_full_mixed,train
data/raw/Rice/rice_quality/mixed/grain_958.jpg,rice,C,rice_quality_broken_full_mixed,train
data/raw/Rice/rice_quality/mixed/grain_959.jpg,rice,C,rice_quality_broken_full_mixed,train
data/raw/Rice/rice_quality/mixed/grain_96.jpg,rice,C,rice_quality_broken_full_mixed,train
data/raw/Rice/rice_quality/mixed/grain_960.jpg,rice,C,rice_quality_broken_full_mixed,train
data/raw/Rice/rice_quality/mixed/grain_961.jpg,rice,C,rice_quality_broken_full_mixed,train
data/raw/Rice/rice_quality/mixed/grain_962.jpg,rice,C,rice_quality_broken_full_mixed,train
data/raw/Rice/rice_quality/mixed/grain_963.jpg,rice,C,rice_quality_broken_full_mixed,train
data/raw/Rice/rice_quality/mixed/grain_964.jpg,rice,C,rice_quality_broken_full_mixed,train
data/raw/Rice/rice_quality/mixed/grain_965.jpg,rice,C,rice_quality_broken_full_mixed,train
data/raw/Rice/rice_quality/mixed/grain_966.jpg,rice,C,rice_quality_broken_full_mixed,train
data/raw/Rice/rice_quality/mixed/grain_967.jpg,rice,C,rice_quality_broken_full_mixed,train
data/raw/Rice/rice_quality/mixed/grain_968.jpg,rice,C,rice_quality_broken_full_mixed,train
data/raw/Rice/rice_quality/mixed/grain_97.jpg,rice,C,rice_quality_broken_full_mixed,train
data/raw/Rice/rice_quality/mixed/grain_970.jpg,rice,C,rice_quality_broken_full_mixed,train
data/raw/Rice/rice_quality/mixed/grain_972.jpg,rice,C,rice_quality_broken_full_mixed,train
data/raw/Rice/rice_quality/mixed/grain_973.jpg,rice,C,rice_quality_broken_full_mixed,train
data/raw/Rice/rice_quality/mixed/grain_974.jpg,rice,C,rice_quality_broken_full_mixed,train
data/raw/Rice/rice_quality/mixed/grain_975.jpg,rice,C,rice_quality_broken_full_mixed,train
data/raw/Rice/rice_quality/mixed/grain_979.jpg,rice,C,rice_quality_broken_full_mixed,train
data/raw/Rice/rice_quality/mixed/grain_981.jpg,rice,C,rice_quality_broken_full_mixed,train
data/raw/Rice/rice_quality/mixed/grain_983.jpg,rice,C,rice_quality_broken_full_mixed,train
data/raw/Rice/rice_quality/mixed/grain_984.jpg,rice,C,rice_quality_broken_full_mixed,train
data/raw/Rice/rice_quality/mixed/grain_985.jpg,rice,C,rice_quality_broken_full_mixed,train
data/raw/Rice/rice_quality/mixed/grain_986.jpg,rice,C,rice_quality_broken_full_mixed,train
data/raw/Rice/rice_quality/mixed/grain_987.jpg,rice,C,rice_quality_broken_full_mixed,train
data/raw/Rice/rice_quality/mixed/grain_988.jpg,rice,C,rice_quality_broken_full_mixed,train
data/raw/Rice/rice_quality/mixed/grain_989.jpg,rice,C,rice_quality_broken_full_mixed,train
data/raw/Rice/rice_quality/mixed/grain_99.jpg,rice,C,rice_quality_broken_full_mixed,train
data/raw/Rice/rice_quality/mixed/grain_992.jpg,rice,C,rice_quality_broken_full_mixed,train
data/raw/Rice/rice_quality/mixed/grain_994.jpg,rice,C,rice_quality_broken_full_mixed,train
data/raw/Rice/rice_quality/mixed/grain_995.jpg,rice,C,rice_quality_broken_full_mixed,train
data/raw/Rice/rice_quality/mixed/grain_999.jpg,rice,C,rice_quality_broken_full_mixed,train
data/raw/Rice/rice_quality/broken/grain_1.jpg,rice,D,rice_quality_broken_full_mixed,train
data/raw/Rice/rice_quality/broken/grain_100.jpg,rice,D,rice_quality_broken_full_mixed,train
data/raw/Rice/rice_quality/broken/grain_1000.jpg,rice,D,rice_quality_broken_full_mixed,train
data/raw/Rice/rice_quality/broken/grain_1001.jpg,rice,D,rice_quality_broken_full_mixed,train
data/raw/Rice/rice_quality/broken/grain_1002.jpg,rice,D,rice_quality_broken_full_mixed,train
data/raw/Rice/rice_quality/broken/grain_1004.jpg,rice,D,rice_quality_broken_full_mixed,train
data/raw/Rice/rice_quality/broken/grain_1007.jpg,rice,D,rice_quality_broken_full_mixed,train
data/raw/Rice/rice_quality/broken/grain_1008.jpg,rice,D,rice_quality_broken_full_mixed,train
data/raw/Rice/rice_quality/broken/grain_101.jpg,rice,D,rice_quality_broken_full_mixed,train
data/raw/Rice/rice_quality/broken/grain_1010.jpg,rice,D,rice_quality_broken_full_mixed,train
data/raw/Rice/rice_quality/broken/grain_1011.jpg,rice,D,rice_quality_broken_full_mixed,train
data/raw/Rice/rice_quality/broken/grain_1012.jpg,rice,D,rice_quality_broken_full_mixed,train
data/raw/Rice/rice_quality/broken/grain_1013.jpg,rice,D,rice_quality_broken_full_mixed,train
data/raw/Rice/rice_quality/broken/grain_1014.jpg,rice,D,rice_quality_broken_full_mixed,train
data/raw/Rice/rice_quality/broken/grain_1016.jpg,rice,D,rice_quality_broken_full_mixed,train
data/raw/Rice/rice_quality/broken/grain_1017.jpg,rice,D,rice_quality_broken_full_mixed,train
data/raw/Rice/rice_quality/broken/grain_1019.jpg,rice,D,rice_quality_broken_full_mixed,train
data/raw/Rice/rice_quality/broken/grain_1022.jpg,rice,D,rice_quality_broken_full_mixed,train
data/raw/Rice/rice_quality/broken/grain_1023.jpg,rice,D,rice_quality_broken_full_mixed,train
data/raw/Rice/rice_quality/broken/grain_1024.jpg,rice,D,rice_quality_broken_full_mixed,train
data/raw/Rice/rice_quality/broken/grain_1027.jpg,rice,D,rice_quality_broken_full_mixed,train
data/raw/Rice/rice_quality/broken/grain_1028.jpg,rice,D,rice_quality_broken_full_mixed,train
data/raw/Rice/rice_quality/broken/grain_1029.jpg,rice,D,rice_quality_broken_full_mixed,train
data/raw/Rice/rice_quality/broken/grain_1030.jpg,rice,D,rice_quality_broken_full_mixed,train
data/raw/Rice/rice_quality/broken/grain_1031.jpg,rice,D,rice_quality_broken_full_mixed,train
data/raw/Rice/rice_quality/broken/grain_1032.jpg,rice,D,rice_quality_broken_full_mixed,train
data/raw/Rice/rice_quality/broken/grain_1033.jpg,rice,D,rice_quality_broken_full_mixed,train
data/raw/Rice/rice_quality/broken/grain_1034.jpg,rice,D,rice_quality_broken_full_mixed,train
data/raw/Rice/rice_quality/broken/grain_1036.jpg,rice,D,rice_quality_broken_full_mixed,train
data/raw/Rice/rice_quality/broken/grain_1039.jpg,rice,D,rice_quality_broken_full_mixed,train
data/raw/Rice/rice_quality/broken/grain_104.jpg,rice,D,rice_quality_broken_full_mixed,train
data/raw/Rice/rice_quality/broken/grain_106.jpg,rice,D,rice_quality_broken_full_mixed,train
data/raw/Rice/rice_quality/broken/grain_107.jpg,rice,D,rice_quality_broken_full_mixed,train
data/raw/Rice/rice_quality/broken/grain_11.jpg,rice,D,rice_quality_broken_full_mixed,train
data/raw/Rice/rice_quality/broken/grain_111.jpg,rice,D,rice_quality_broken_full_mixed,train
data/raw/Rice/rice_quality/broken/grain_112.jpg,rice,D,rice_quality_broken_full_mixed,train
data/raw/Rice/rice_quality/broken/grain_113.jpg,rice,D,rice_quality_broken_full_mixed,train
data/raw/Rice/rice_quality/broken/grain_115.jpg,rice,D,rice_quality_broken_full_mixed,train
data/raw/Rice/rice_quality/broken/grain_117.jpg,rice,D,rice_quality_broken_full_mixed,train
data/raw/Rice/rice_quality/broken/grain_120.jpg,rice,D,rice_quality_broken_full_mixed,train
data/raw/Rice/rice_quality/broken/grain_121.jpg,rice,D,rice_quality_broken_full_mixed,train
data/raw/Rice/rice_quality/broken/grain_123.jpg,rice,D,rice_quality_broken_full_mixed,train
data/raw/Rice/rice_quality/broken/grain_124.jpg,rice,D,rice_quality_broken_full_mixed,train
data/raw/Rice/rice_quality/broken/grain_125.jpg,rice,D,rice_quality_broken_full_mixed,train
data/raw/Rice/rice_quality/broken/grain_127.jpg,rice,D,rice_quality_broken_full_mixed,train
data/raw/Rice/rice_quality/broken/grain_129.jpg,rice,D,rice_quality_broken_full_mixed,train
data/raw/Rice/rice_quality/broken/grain_13.jpg,rice,D,rice_quality_broken_full_mixed,train
data/raw/Rice/rice_quality/broken/grain_130.jpg,rice,D,rice_quality_broken_full_mixed,train
data/raw/Rice/rice_quality/broken/grain_132.jpg,rice,D,rice_quality_broken_full_mixed,train
data/raw/Rice/rice_quality/broken/grain_133.jpg,rice,D,rice_quality_broken_full_mixed,train
data/raw/Rice/rice_quality/broken/grain_135.jpg,rice,D,rice_quality_broken_full_mixed,train
data/raw/Rice/rice_quality/broken/grain_136.jpg,rice,D,rice_quality_broken_full_mixed,train
data/raw/Rice/rice_quality/broken/grain_137.jpg,rice,D,rice_quality_broken_full_mixed,train
data/raw/Rice/rice_quality/broken/grain_138.jpg,rice,D,rice_quality_broken_full_mixed,train
data/raw/Rice/rice_quality/broken/grain_139.jpg,rice,D,rice_quality_broken_full_mixed,train
data/raw/Rice/rice_quality/broken/grain_14.jpg,rice,D,rice_quality_broken_full_mixed,train
data/raw/Rice/rice_quality/broken/grain_141.jpg,rice,D,rice_quality_broken_full_mixed,train
data/raw/Rice/rice_quality/broken/grain_145.jpg,rice,D,rice_quality_broken_full_mixed,train
data/raw/Rice/rice_quality/broken/grain_151.jpg,rice,D,rice_quality_broken_full_mixed,train
data/raw/Rice/rice_quality/broken/grain_152.jpg,rice,D,rice_quality_broken_full_mixed,train
data/raw/Rice/rice_quality/broken/grain_153.jpg,rice,D,rice_quality_broken_full_mixed,train
data/raw/Rice/rice_quality/broken/grain_154.jpg,rice,D,rice_quality_broken_full_mixed,train
data/raw/Rice/rice_quality/broken/grain_156.jpg,rice,D,rice_quality_broken_full_mixed,train
data/raw/Rice/rice_quality/broken/grain_158.jpg,rice,D,rice_quality_broken_full_mixed,train
data/raw/Rice/rice_quality/broken/grain_16.jpg,rice,D,rice_quality_broken_full_mixed,train
data/raw/Rice/rice_quality/broken/grain_161.jpg,rice,D,rice_quality_broken_full_mixed,train
data/raw/Rice/rice_quality/broken/grain_162.jpg,rice,D,rice_quality_broken_full_mixed,train
data/raw/Rice/rice_quality/broken/grain_164.jpg,rice,D,rice_quality_broken_full_mixed,train
data/raw/Rice/rice_quality/broken/grain_165.jpg,rice,D,rice_quality_broken_full_mixed,train
data/raw/Rice/rice_quality/broken/grain_166.jpg,rice,D,rice_quality_broken_full_mixed,train
data/raw/Rice/rice_quality/broken/grain_167.jpg,rice,D,rice_quality_broken_full_mixed,train
data/raw/Rice/rice_quality/broken/grain_168.jpg,rice,D,rice_quality_broken_full_mixed,train
data/raw/Rice/rice_quality/broken/grain_169.jpg,rice,D,rice_quality_broken_full_mixed,train
data/raw/Rice/rice_quality/broken/grain_17.jpg,rice,D,rice_quality_broken_full_mixed,train
data/raw/Rice/rice_quality/broken/grain_170.jpg,rice,D,rice_quality_broken_full_mixed,train
data/raw/Rice/rice_quality/broken/grain_171.jpg,rice,D,rice_quality_broken_full_mixed,train
data/raw/Rice/rice_quality/broken/grain_172.jpg,rice,D,rice_quality_broken_full_mixed,train
data/raw/Rice/rice_quality/broken/grain_177.jpg,rice,D,rice_quality_broken_full_mixed,train
data/raw/Rice/rice_quality/broken/grain_178.jpg,rice,D,rice_quality_broken_full_mixed,train
data/raw/Rice/rice_quality/broken/grain_179.jpg,rice,D,rice_quality_broken_full_mixed,train
data/raw/Rice/rice_quality/broken/grain_18.jpg,rice,D,rice_quality_broken_full_mixed,train
data/raw/Rice/rice_quality/broken/grain_180.jpg,rice,D,rice_quality_broken_full_mixed,train
data/raw/Rice/rice_quality/broken/grain_182.jpg,rice,D,rice_quality_broken_full_mixed,train
data/raw/Rice/rice_quality/broken/grain_184.jpg,rice,D,rice_quality_broken_full_mixed,train
data/raw/Rice/rice_quality/broken/grain_185.jpg,rice,D,rice_quality_broken_full_mixed,train
data/raw/Rice/rice_quality/broken/grain_187.jpg,rice,D,rice_quality_broken_full_mixed,train
data/raw/Rice/rice_quality/broken/grain_188.jpg,rice,D,rice_quality_broken_full_mixed,train
data/raw/Rice/rice_quality/broken/grain_190.jpg,rice,D,rice_quality_broken_full_mixed,train
data/raw/Rice/rice_quality/broken/grain_191.jpg,rice,D,rice_quality_broken_full_mixed,train
data/raw/Rice/rice_quality/broken/grain_193.jpg,rice,D,rice_quality_broken_full_mixed,train
data/raw/Rice/rice_quality/broken/grain_195.jpg,rice,D,rice_quality_broken_full_mixed,train
data/raw/Rice/rice_quality/broken/grain_196.jpg,rice,D,rice_quality_broken_full_mixed,train
data/raw/Rice/rice_quality/broken/grain_197.jpg,rice,D,rice_quality_broken_full_mixed,train
data/raw/Rice/rice_quality/broken/grain_198.jpg,rice,D,rice_quality_broken_full_mixed,train
data/raw/Rice/rice_quality/broken/grain_199.jpg,rice,D,rice_quality_broken_full_mixed,train
data/raw/Rice/rice_quality/broken/grain_200.jpg,rice,D,rice_quality_broken_full_mixed,train
data/raw/Rice/rice_quality/broken/grain_202.jpg,rice,D,rice_quality_broken_full_mixed,train
data/raw/Rice/rice_quality/broken/grain_203.jpg,rice,D,rice_quality_broken_full_mixed,train
data/raw/Rice/rice_quality/broken/grain_204.jpg,rice,D,rice_quality_broken_full_mixed,train
data/raw/Rice/rice_quality/broken/grain_205.jpg,rice,D,rice_quality_broken_full_mixed,train
data/raw/Rice/rice_quality/broken/grain_207.jpg,rice,D,rice_quality_broken_full_mixed,train
data/raw/Rice/rice_quality/broken/grain_209.jpg,rice,D,rice_quality_broken_full_mixed,train
data/raw/Rice/rice_quality/broken/grain_210.jpg,rice,D,rice_quality_broken_full_mixed,train
data/raw/Rice/rice_quality/broken/grain_211.jpg,rice,D,rice_quality_broken_full_mixed,train
data/raw/Rice/rice_quality/broken/grain_212.jpg,rice,D,rice_quality_broken_full_mixed,train
data/raw/Rice/rice_quality/broken/grain_213.jpg,rice,D,rice_quality_broken_full_mixed,train
data/raw/Rice/rice_quality/broken/grain_215.jpg,rice,D,rice_quality_broken_full_mixed,train
data/raw/Rice/rice_quality/broken/grain_216.jpg,rice,D,rice_quality_broken_full_mixed,train
data/raw/Rice/rice_quality/broken/grain_217.jpg,rice,D,rice_quality_broken_full_mixed,train
data/raw/Rice/rice_quality/broken/grain_219.jpg,rice,D,rice_quality_broken_full_mixed,train
data/raw/Rice/rice_quality/broken/grain_22.jpg,rice,D,rice_quality_broken_full_mixed,train
data/raw/Rice/rice_quality/broken/grain_220.jpg,rice,D,rice_quality_broken_full_mixed,train
data/raw/Rice/rice_quality/broken/grain_222.jpg,rice,D,rice_quality_broken_full_mixed,train
data/raw/Rice/rice_quality/broken/grain_224.jpg,rice,D,rice_quality_broken_full_mixed,train
data/raw/Rice/rice_quality/broken/grain_225.jpg,rice,D,rice_quality_broken_full_mixed,train
data/raw/Rice/rice_quality/broken/grain_226.jpg,rice,D,rice_quality_broken_full_mixed,train
data/raw/Rice/rice_quality/broken/grain_227.jpg,rice,D,rice_quality_broken_full_mixed,train
data/raw/Rice/rice_quality/broken/grain_23.jpg,rice,D,rice_quality_broken_full_mixed,train
data/raw/Rice/rice_quality/broken/grain_230.jpg,rice,D,rice_quality_broken_full_mixed,train
data/raw/Rice/rice_quality/broken/grain_231.jpg,rice,D,rice_quality_broken_full_mixed,train
data/raw/Rice/rice_quality/broken/grain_232.jpg,rice,D,rice_quality_broken_full_mixed,train
data/raw/Rice/rice_quality/broken/grain_233.jpg,rice,D,rice_quality_broken_full_mixed,train
data/raw/Rice/rice_quality/broken/grain_234.jpg,rice,D,rice_quality_broken_full_mixed,train
data/raw/Rice/rice_quality/broken/grain_236.jpg,rice,D,rice_quality_broken_full_mixed,train
data/raw/Rice/rice_quality/broken/grain_237.jpg,rice,D,rice_quality_broken_full_mixed,train
data/raw/Rice/rice_quality/broken/grain_238.jpg,rice,D,rice_quality_broken_full_mixed,train
data/raw/Rice/rice_quality/broken/grain_239.jpg,rice,D,rice_quality_broken_full_mixed,train
data/raw/Rice/rice_quality/broken/grain_24.jpg,rice,D,rice_quality_broken_full_mixed,train
data/raw/Rice/rice_quality/broken/grain_240.jpg,rice,D,rice_quality_broken_full_mixed,train
data/raw/Rice/rice_quality/broken/grain_241.jpg,rice,D,rice_quality_broken_full_mixed,train
data/raw/Rice/rice_quality/broken/grain_242.jpg,rice,D,rice_quality_broken_full_mixed,train
data/raw/Rice/rice_quality/broken/grain_244.jpg,rice,D,rice_quality_broken_full_mixed,train
data/raw/Rice/rice_quality/broken/grain_246.jpg,rice,D,rice_quality_broken_full_mixed,train
data/raw/Rice/rice_quality/broken/grain_249.jpg,rice,D,rice_quality_broken_full_mixed,train
data/raw/Rice/rice_quality/broken/grain_250.jpg,rice,D,rice_quality_broken_full_mixed,train
data/raw/Rice/rice_quality/broken/grain_251.jpg,rice,D,rice_quality_broken_full_mixed,train
data/raw/Rice/rice_quality/broken/grain_253.jpg,rice,D,rice_quality_broken_full_mixed,train
data/raw/Rice/rice_quality/broken/grain_255.jpg,rice,D,rice_quality_broken_full_mixed,train
data/raw/Rice/rice_quality/broken/grain_256.jpg,rice,D,rice_quality_broken_full_mixed,train
data/raw/Rice/rice_quality/broken/grain_257.jpg,rice,D,rice_quality_broken_full_mixed,train
data/raw/Rice/rice_quality/broken/grain_258.jpg,rice,D,rice_quality_broken_full_mixed,train
data/raw/Rice/rice_quality/broken/grain_259.jpg,rice,D,rice_quality_broken_full_mixed,train
data/raw/Rice/rice_quality/broken/grain_26.jpg,rice,D,rice_quality_broken_full_mixed,train
data/raw/Rice/rice_quality/broken/grain_262.jpg,rice,D,rice_quality_broken_full_mixed,train
data/raw/Rice/rice_quality/broken/grain_263.jpg,rice,D,rice_quality_broken_full_mixed,train
data/raw/Rice/rice_quality/broken/grain_264.jpg,rice,D,rice_quality_broken_full_mixed,train
data/raw/Rice/rice_quality/broken/grain_266.jpg,rice,D,rice_quality_broken_full_mixed,train
data/raw/Rice/rice_quality/broken/grain_267.jpg,rice,D,rice_quality_broken_full_mixed,train
data/raw/Rice/rice_quality/broken/grain_27.jpg,rice,D,rice_quality_broken_full_mixed,train
data/raw/Rice/rice_quality/broken/grain_270.jpg,rice,D,rice_quality_broken_full_mixed,train
data/raw/Rice/rice_quality/broken/grain_271.jpg,rice,D,rice_quality_broken_full_mixed,train
data/raw/Rice/rice_quality/broken/grain_272.jpg,rice,D,rice_quality_broken_full_mixed,train
data/raw/Rice/rice_quality/broken/grain_273.jpg,rice,D,rice_quality_broken_full_mixed,train
data/raw/Rice/rice_quality/broken/grain_274.jpg,rice,D,rice_quality_broken_full_mixed,train
data/raw/Rice/rice_quality/broken/grain_275.jpg,rice,D,rice_quality_broken_full_mixed,train
data/raw/Rice/rice_quality/broken/grain_276.jpg,rice,D,rice_quality_broken_full_mixed,train
data/raw/Rice/rice_quality/broken/grain_28.jpg,rice,D,rice_quality_broken_full_mixed,train
data/raw/Rice/rice_quality/broken/grain_280.jpg,rice,D,rice_quality_broken_full_mixed,train
data/raw/Rice/rice_quality/broken/grain_283.jpg,rice,D,rice_quality_broken_full_mixed,train
data/raw/Rice/rice_quality/broken/grain_284.jpg,rice,D,rice_quality_broken_full_mixed,train
data/raw/Rice/rice_quality/broken/grain_286.jpg,rice,D,rice_quality_broken_full_mixed,train
data/raw/Rice/rice_quality/broken/grain_288.jpg,rice,D,rice_quality_broken_full_mixed,train
data/raw/Rice/rice_quality/broken/grain_289.jpg,rice,D,rice_quality_broken_full_mixed,train
data/raw/Rice/rice_quality/broken/grain_290.jpg,rice,D,rice_quality_broken_full_mixed,train
data/raw/Rice/rice_quality/broken/grain_294.jpg,rice,D,rice_quality_broken_full_mixed,train
data/raw/Rice/rice_quality/broken/grain_295.jpg,rice,D,rice_quality_broken_full_mixed,train
data/raw/Rice/rice_quality/broken/grain_296.jpg,rice,D,rice_quality_broken_full_mixed,train
data/raw/Rice/rice_quality/broken/grain_297.jpg,rice,D,rice_quality_broken_full_mixed,train
data/raw/Rice/rice_quality/broken/grain_298.jpg,rice,D,rice_quality_broken_full_mixed,train
data/raw/Rice/rice_quality/broken/grain_299.jpg,rice,D,rice_quality_broken_full_mixed,train
data/raw/Rice/rice_quality/broken/grain_3.jpg,rice,D,rice_quality_broken_full_mixed,train
data/raw/Rice/rice_quality/broken/grain_30.jpg,rice,D,rice_quality_broken_full_mixed,train
data/raw/Rice/rice_quality/broken/grain_300.jpg,rice,D,rice_quality_broken_full_mixed,train
data/raw/Rice/rice_quality/broken/grain_304.jpg,rice,D,rice_quality_broken_full_mixed,train
data/raw/Rice/rice_quality/broken/grain_305.jpg,rice,D,rice_quality_broken_full_mixed,train
data/raw/Rice/rice_quality/broken/grain_306.jpg,rice,D,rice_quality_broken_full_mixed,train
data/raw/Rice/rice_quality/broken/grain_309.jpg,rice,D,rice_quality_broken_full_mixed,train
data/raw/Rice/rice_quality/broken/grain_31.jpg,rice,D,rice_quality_broken_full_mixed,train
data/raw/Rice/rice_quality/broken/grain_310.jpg,rice,D,rice_quality_broken_full_mixed,train
data/raw/Rice/rice_quality/broken/grain_314.jpg,rice,D,rice_quality_broken_full_mixed,train
data/raw/Rice/rice_quality/broken/grain_315.jpg,rice,D,rice_quality_broken_full_mixed,train
data/raw/Rice/rice_quality/broken/grain_317.jpg,rice,D,rice_quality_broken_full_mixed,train
data/raw/Rice/rice_quality/broken/grain_318.jpg,rice,D,rice_quality_broken_full_mixed,train
data/raw/Rice/rice_quality/broken/grain_319.jpg,rice,D,rice_quality_broken_full_mixed,train
data/raw/Rice/rice_quality/broken/grain_32.jpg,rice,D,rice_quality_broken_full_mixed,train
data/raw/Rice/rice_quality/broken/grain_322.jpg,rice,D,rice_quality_broken_full_mixed,train
data/raw/Rice/rice_quality/broken/grain_324.jpg,rice,D,rice_quality_broken_full_mixed,train
data/raw/Rice/rice_quality/broken/grain_325.jpg,rice,D,rice_quality_broken_full_mixed,train
data/raw/Rice/rice_quality/broken/grain_326.jpg,rice,D,rice_quality_broken_full_mixed,train
data/raw/Rice/rice_quality/broken/grain_327.jpg,rice,D,rice_quality_broken_full_mixed,train
data/raw/Rice/rice_quality/broken/grain_328.jpg,rice,D,rice_quality_broken_full_mixed,train
data/raw/Rice/rice_quality/broken/grain_329.jpg,rice,D,rice_quality_broken_full_mixed,train
data/raw/Rice/rice_quality/broken/grain_33.jpg,rice,D,rice_quality_broken_full_mixed,train
data/raw/Rice/rice_quality/broken/grain_330.jpg,rice,D,rice_quality_broken_full_mixed,train
data/raw/Rice/rice_quality/broken/grain_332.jpg,rice,D,rice_quality_broken_full_mixed,train
data/raw/Rice/rice_quality/broken/grain_333.jpg,rice,D,rice_quality_broken_full_mixed,train
data/raw/Rice/rice_quality/broken/grain_334.jpg,rice,D,rice_quality_broken_full_mixed,train
data/raw/Rice/rice_quality/broken/grain_336.jpg,rice,D,rice_quality_broken_full_mixed,train
data/raw/Rice/rice_quality/broken/grain_337.jpg,rice,D,rice_quality_broken_full_mixed,train
data/raw/Rice/rice_quality/broken/grain_338.jpg,rice,D,rice_quality_broken_full_mixed,train
data/raw/Rice/rice_quality/broken/grain_340.jpg,rice,D,rice_quality_broken_full_mixed,train
data/raw/Rice/rice_quality/broken/grain_341.jpg,rice,D,rice_quality_broken_full_mixed,train
data/raw/Rice/rice_quality/broken/grain_342.jpg,rice,D,rice_quality_broken_full_mixed,train
data/raw/Rice/rice_quality/broken/grain_344.jpg,rice,D,rice_quality_broken_full_mixed,train
data/raw/Rice/rice_quality/broken/grain_345.jpg,rice,D,rice_quality_broken_full_mixed,train
data/raw/Rice/rice_quality/broken/grain_348.jpg,rice,D,rice_quality_broken_full_mixed,train
data/raw/Rice/rice_quality/broken/grain_349.jpg,rice,D,rice_quality_broken_full_mixed,train
data/raw/Rice/rice_quality/broken/grain_350.jpg,rice,D,rice_quality_broken_full_mixed,train
data/raw/Rice/rice_quality/broken/grain_351.jpg,rice,D,rice_quality_broken_full_mixed,train
data/raw/Rice/rice_quality/broken/grain_354.jpg,rice,D,rice_quality_broken_full_mixed,train
data/raw/Rice/rice_quality/broken/grain_355.jpg,rice,D,rice_quality_broken_full_mixed,train
data/raw/Rice/rice_quality/broken/grain_358.jpg,rice,D,rice_quality_broken_full_mixed,train
data/raw/Rice/rice_quality/broken/grain_359.jpg,rice,D,rice_quality_broken_full_mixed,train
data/raw/Rice/rice_quality/broken/grain_360.jpg,rice,D,rice_quality_broken_full_mixed,train
data/raw/Rice/rice_quality/broken/grain_361.jpg,rice,D,rice_quality_broken_full_mixed,train
data/raw/Rice/rice_quality/broken/grain_362.jpg,rice,D,rice_quality_broken_full_mixed,train
data/raw/Rice/rice_quality/broken/grain_363.jpg,rice,D,rice_quality_broken_full_mixed,train
data/raw/Rice/rice_quality/broken/grain_366.jpg,rice,D,rice_quality_broken_full_mixed,train
data/raw/Rice/rice_quality/broken/grain_367.jpg,rice,D,rice_quality_broken_full_mixed,train
data/raw/Rice/rice_quality/broken/grain_368.jpg,rice,D,rice_quality_broken_full_mixed,train
data/raw/Rice/rice_quality/broken/grain_37.jpg,rice,D,rice_quality_broken_full_mixed,train
data/raw/Rice/rice_quality/broken/grain_370.jpg,rice,D,rice_quality_broken_full_mixed,train
data/raw/Rice/rice_quality/broken/grain_371.jpg,rice,D,rice_quality_broken_full_mixed,train
data/raw/Rice/rice_quality/broken/grain_373.jpg,rice,D,rice_quality_broken_full_mixed,train
data/raw/Rice/rice_quality/broken/grain_374.jpg,rice,D,rice_quality_broken_full_mixed,train
data/raw/Rice/rice_quality/broken/grain_375.jpg,rice,D,rice_quality_broken_full_mixed,train
data/raw/Rice/rice_quality/broken/grain_376.jpg,rice,D,rice_quality_broken_full_mixed,train
data/raw/Rice/rice_quality/broken/grain_377.jpg,rice,D,rice_quality_broken_full_mixed,train
data/raw/Rice/rice_quality/broken/grain_378.jpg,rice,D,rice_quality_broken_full_mixed,train
data/raw/Rice/rice_quality/broken/grain_379.jpg,rice,D,rice_quality_broken_full_mixed,train
data/raw/Rice/rice_quality/broken/grain_38.jpg,rice,D,rice_quality_broken_full_mixed,train
data/raw/Rice/rice_quality/broken/grain_381.jpg,rice,D,rice_quality_broken_full_mixed,train
data/raw/Rice/rice_quality/broken/grain_383.jpg,rice,D,rice_quality_broken_full_mixed,train
data/raw/Rice/rice_quality/broken/grain_384.jpg,rice,D,rice_quality_broken_full_mixed,train
data/raw/Rice/rice_quality/broken/grain_385.jpg,rice,D,rice_quality_broken_full_mixed,train
data/raw/Rice/rice_quality/broken/grain_386.jpg,rice,D,rice_quality_broken_full_mixed,train
data/raw/Rice/rice_quality/broken/grain_387.jpg,rice,D,rice_quality_broken_full_mixed,train
data/raw/Rice/rice_quality/broken/grain_388.jpg,rice,D,rice_quality_broken_full_mixed,train
data/raw/Rice/rice_quality/broken/grain_389.jpg,rice,D,rice_quality_broken_full_mixed,train
data/raw/Rice/rice_quality/broken/grain_390.jpg,rice,D,rice_quality_broken_full_mixed,train
data/raw/Rice/rice_quality/broken/grain_392.jpg,rice,D,rice_quality_broken_full_mixed,train
data/raw/Rice/rice_quality/broken/grain_395.jpg,rice,D,rice_quality_broken_full_mixed,train
data/raw/Rice/rice_quality/broken/grain_396.jpg,rice,D,rice_quality_broken_full_mixed,train
data/raw/Rice/rice_quality/broken/grain_397.jpg,rice,D,rice_quality_broken_full_mixed,train
data/raw/Rice/rice_quality/broken/grain_398.jpg,rice,D,rice_quality_broken_full_mixed,train
data/raw/Rice/rice_quality/broken/grain_399.jpg,rice,D,rice_quality_broken_full_mixed,train
data/raw/Rice/rice_quality/broken/grain_4.jpg,rice,D,rice_quality_broken_full_mixed,train
data/raw/Rice/rice_quality/broken/grain_40.jpg,rice,D,rice_quality_broken_full_mixed,train
data/raw/Rice/rice_quality/broken/grain_400.jpg,rice,D,rice_quality_broken_full_mixed,train
data/raw/Rice/rice_quality/broken/grain_401.jpg,rice,D,rice_quality_broken_full_mixed,train
data/raw/Rice/rice_quality/broken/grain_403.jpg,rice,D,rice_quality_broken_full_mixed,train
data/raw/Rice/rice_quality/broken/grain_404.jpg,rice,D,rice_quality_broken_full_mixed,train
data/raw/Rice/rice_quality/broken/grain_405.jpg,rice,D,rice_quality_broken_full_mixed,train
data/raw/Rice/rice_quality/broken/grain_407.jpg,rice,D,rice_quality_broken_full_mixed,train
data/raw/Rice/rice_quality/broken/grain_408.jpg,rice,D,rice_quality_broken_full_mixed,train
data/raw/Rice/rice_quality/broken/grain_409.jpg,rice,D,rice_quality_broken_full_mixed,train
data/raw/Rice/rice_quality/broken/grain_410.jpg,rice,D,rice_quality_broken_full_mixed,train
data/raw/Rice/rice_quality/broken/grain_411.jpg,rice,D,rice_quality_broken_full_mixed,train
data/raw/Rice/rice_quality/broken/grain_412.jpg,rice,D,rice_quality_broken_full_mixed,train
data/raw/Rice/rice_quality/broken/grain_413.jpg,rice,D,rice_quality_broken_full_mixed,train
data/raw/Rice/rice_quality/broken/grain_414.jpg,rice,D,rice_quality_broken_full_mixed,train
data/raw/Rice/rice_quality/broken/grain_417.jpg,rice,D,rice_quality_broken_full_mixed,train
data/raw/Rice/rice_quality/broken/grain_418.jpg,rice,D,rice_quality_broken_full_mixed,train
data/raw/Rice/rice_quality/broken/grain_419.jpg,rice,D,rice_quality_broken_full_mixed,train
data/raw/Rice/rice_quality/broken/grain_42.jpg,rice,D,rice_quality_broken_full_mixed,train
data/raw/Rice/rice_quality/broken/grain_421.jpg,rice,D,rice_quality_broken_full_mixed,train
data/raw/Rice/rice_quality/broken/grain_422.jpg,rice,D,rice_quality_broken_full_mixed,train
data/raw/Rice/rice_quality/broken/grain_423.jpg,rice,D,rice_quality_broken_full_mixed,train
data/raw/Rice/rice_quality/broken/grain_424.jpg,rice,D,rice_quality_broken_full_mixed,train
data/raw/Rice/rice_quality/broken/grain_429.jpg,rice,D,rice_quality_broken_full_mixed,train
data/raw/Rice/rice_quality/broken/grain_43.jpg,rice,D,rice_quality_broken_full_mixed,train
data/raw/Rice/rice_quality/broken/grain_430.jpg,rice,D,rice_quality_broken_full_mixed,train
data/raw/Rice/rice_quality/broken/grain_431.jpg,rice,D,rice_quality_broken_full_mixed,train
data/raw/Rice/rice_quality/broken/grain_433.jpg,rice,D,rice_quality_broken_full_mixed,train
data/raw/Rice/rice_quality/broken/grain_434.jpg,rice,D,rice_quality_broken_full_mixed,train
data/raw/Rice/rice_quality/broken/grain_435.jpg,rice,D,rice_quality_broken_full_mixed,train
data/raw/Rice/rice_quality/broken/grain_437.jpg,rice,D,rice_quality_broken_full_mixed,train
data/raw/Rice/rice_quality/broken/grain_439.jpg,rice,D,rice_quality_broken_full_mixed,train
data/raw/Rice/rice_quality/broken/grain_44.jpg,rice,D,rice_quality_broken_full_mixed,train
data/raw/Rice/rice_quality/broken/grain_441.jpg,rice,D,rice_quality_broken_full_mixed,train
data/raw/Rice/rice_quality/broken/grain_444.jpg,rice,D,rice_quality_broken_full_mixed,train
data/raw/Rice/rice_quality/broken/grain_445.jpg,rice,D,rice_quality_broken_full_mixed,train
data/raw/Rice/rice_quality/broken/grain_446.jpg,rice,D,rice_quality_broken_full_mixed,train
data/raw/Rice/rice_quality/broken/grain_447.jpg,rice,D,rice_quality_broken_full_mixed,train
data/raw/Rice/rice_quality/broken/grain_448.jpg,rice,D,rice_quality_broken_full_mixed,train
data/raw/Rice/rice_quality/broken/grain_449.jpg,rice,D,rice_quality_broken_full_mixed,train
data/raw/Rice/rice_quality/broken/grain_450.jpg,rice,D,rice_quality_broken_full_mixed,train
data/raw/Rice/rice_quality/broken/grain_451.jpg,rice,D,rice_quality_broken_full_mixed,train
data/raw/Rice/rice_quality/broken/grain_452.jpg,rice,D,rice_quality_broken_full_mixed,train
data/raw/Rice/rice_quality/broken/grain_453.jpg,rice,D,rice_quality_broken_full_mixed,train
data/raw/Rice/rice_quality/broken/grain_454.jpg,rice,D,rice_quality_broken_full_mixed,train
data/raw/Rice/rice_quality/broken/grain_455.jpg,rice,D,rice_quality_broken_full_mixed,train
data/raw/Rice/rice_quality/broken/grain_457.jpg,rice,D,rice_quality_broken_full_mixed,train
data/raw/Rice/rice_quality/broken/grain_458.jpg,rice,D,rice_quality_broken_full_mixed,train
data/raw/Rice/rice_quality/broken/grain_459.jpg,rice,D,rice_quality_broken_full_mixed,train
data/raw/Rice/rice_quality/broken/grain_46.jpg,rice,D,rice_quality_broken_full_mixed,train
data/raw/Rice/rice_quality/broken/grain_460.jpg,rice,D,rice_quality_broken_full_mixed,train
data/raw/Rice/rice_quality/broken/grain_461.jpg,rice,D,rice_quality_broken_full_mixed,train
data/raw/Rice/rice_quality/broken/grain_463.jpg,rice,D,rice_quality_broken_full_mixed,train
data/raw/Rice/rice_quality/broken/grain_465.jpg,rice,D,rice_quality_broken_full_mixed,train
data/raw/Rice/rice_quality/broken/grain_466.jpg,rice,D,rice_quality_broken_full_mixed,train
data/raw/Rice/rice_quality/broken/grain_467.jpg,rice,D,rice_quality_broken_full_mixed,train
data/raw/Rice/rice_quality/broken/grain_468.jpg,rice,D,rice_quality_broken_full_mixed,train
data/raw/Rice/rice_quality/broken/grain_469.jpg,rice,D,rice_quality_broken_full_mixed,train
data/raw/Rice/rice_quality/broken/grain_47.jpg,rice,D,rice_quality_broken_full_mixed,train
data/raw/Rice/rice_quality/broken/grain_470.jpg,rice,D,rice_quality_broken_full_mixed,train
data/raw/Rice/rice_quality/broken/grain_471.jpg,rice,D,rice_quality_broken_full_mixed,train
data/raw/Rice/rice_quality/broken/grain_473.jpg,rice,D,rice_quality_broken_full_mixed,train
data/raw/Rice/rice_quality/broken/grain_475.jpg,rice,D,rice_quality_broken_full_mixed,train
data/raw/Rice/rice_quality/broken/grain_476.jpg,rice,D,rice_quality_broken_full_mixed,train
data/raw/Rice/rice_quality/broken/grain_479.jpg,rice,D,rice_quality_broken_full_mixed,train
data/raw/Rice/rice_quality/broken/grain_481.jpg,rice,D,rice_quality_broken_full_mixed,train
data/raw/Rice/rice_quality/broken/grain_482.jpg,rice,D,rice_quality_broken_full_mixed,train
data/raw/Rice/rice_quality/broken/grain_483.jpg,rice,D,rice_quality_broken_full_mixed,train
data/raw/Rice/rice_quality/broken/grain_485.jpg,rice,D,rice_quality_broken_full_mixed,train
data/raw/Rice/rice_quality/broken/grain_487.jpg,rice,D,rice_quality_broken_full_mixed,train
data/raw/Rice/rice_quality/broken/grain_488.jpg,rice,D,rice_quality_broken_full_mixed,train
data/raw/Rice/rice_quality/broken/grain_494.jpg,rice,D,rice_quality_broken_full_mixed,train
data/raw/Rice/rice_quality/broken/grain_495.jpg,rice,D,rice_quality_broken_full_mixed,train
data/raw/Rice/rice_quality/broken/grain_496.jpg,rice,D,rice_quality_broken_full_mixed,train
data/raw/Rice/rice_quality/broken/grain_497.jpg,rice,D,rice_quality_broken_full_mixed,train
data/raw/Rice/rice_quality/broken/grain_498.jpg,rice,D,rice_quality_broken_full_mixed,train
data/raw/Rice/rice_quality/broken/grain_5.jpg,rice,D,rice_quality_broken_full_mixed,train
data/raw/Rice/rice_quality/broken/grain_50.jpg,rice,D,rice_quality_broken_full_mixed,train
data/raw/Rice/rice_quality/broken/grain_500.jpg,rice,D,rice_quality_broken_full_mixed,train
data/raw/Rice/rice_quality/broken/grain_501.jpg,rice,D,rice_quality_broken_full_mixed,train
data/raw/Rice/rice_quality/broken/grain_502.jpg,rice,D,rice_quality_broken_full_mixed,train
data/raw/Rice/rice_quality/broken/grain_503.jpg,rice,D,rice_quality_broken_full_mixed,train
data/raw/Rice/rice_quality/broken/grain_506.jpg,rice,D,rice_quality_broken_full_mixed,train
data/raw/Rice/rice_quality/broken/grain_507.jpg,rice,D,rice_quality_broken_full_mixed,train
data/raw/Rice/rice_quality/broken/grain_508.jpg,rice,D,rice_quality_broken_full_mixed,train
data/raw/Rice/rice_quality/broken/grain_509.jpg,rice,D,rice_quality_broken_full_mixed,train
data/raw/Rice/rice_quality/broken/grain_510.jpg,rice,D,rice_quality_broken_full_mixed,train
data/raw/Rice/rice_quality/broken/grain_511.jpg,rice,D,rice_quality_broken_full_mixed,train
data/raw/Rice/rice_quality/broken/grain_512.jpg,rice,D,rice_quality_broken_full_mixed,train
data/raw/Rice/rice_quality/broken/grain_514.jpg,rice,D,rice_quality_broken_full_mixed,train
data/raw/Rice/rice_quality/broken/grain_515.jpg,rice,D,rice_quality_broken_full_mixed,train
data/raw/Rice/rice_quality/broken/grain_517.jpg,rice,D,rice_quality_broken_full_mixed,train
data/raw/Rice/rice_quality/broken/grain_519.jpg,rice,D,rice_quality_broken_full_mixed,train
data/raw/Rice/rice_quality/broken/grain_52.jpg,rice,D,rice_quality_broken_full_mixed,train
data/raw/Rice/rice_quality/broken/grain_521.jpg,rice,D,rice_quality_broken_full_mixed,train
data/raw/Rice/rice_quality/broken/grain_523.jpg,rice,D,rice_quality_broken_full_mixed,train
data/raw/Rice/rice_quality/broken/grain_524.jpg,rice,D,rice_quality_broken_full_mixed,train
data/raw/Rice/rice_quality/broken/grain_525.jpg,rice,D,rice_quality_broken_full_mixed,train
data/raw/Rice/rice_quality/broken/grain_527.jpg,rice,D,rice_quality_broken_full_mixed,train
data/raw/Rice/rice_quality/broken/grain_528.jpg,rice,D,rice_quality_broken_full_mixed,train
data/raw/Rice/rice_quality/broken/grain_53.jpg,rice,D,rice_quality_broken_full_mixed,train
data/raw/Rice/rice_quality/broken/grain_530.jpg,rice,D,rice_quality_broken_full_mixed,train
data/raw/Rice/rice_quality/broken/grain_531.jpg,rice,D,rice_quality_broken_full_mixed,train
data/raw/Rice/rice_quality/broken/grain_532.jpg,rice,D,rice_quality_broken_full_mixed,train
data/raw/Rice/rice_quality/broken/grain_533.jpg,rice,D,rice_quality_broken_full_mixed,train
data/raw/Rice/rice_quality/broken/grain_534.jpg,rice,D,rice_quality_broken_full_mixed,train
data/raw/Rice/rice_quality/broken/grain_535.jpg,rice,D,rice_quality_broken_full_mixed,train
data/raw/Rice/rice_quality/broken/grain_537.jpg,rice,D,rice_quality_broken_full_mixed,train
data/raw/Rice/rice_quality/broken/grain_538.jpg,rice,D,rice_quality_broken_full_mixed,train
data/raw/Rice/rice_quality/broken/grain_54.jpg,rice,D,rice_quality_broken_full_mixed,train
data/raw/Rice/rice_quality/broken/grain_540.jpg,rice,D,rice_quality_broken_full_mixed,train
data/raw/Rice/rice_quality/broken/grain_541.jpg,rice,D,rice_quality_broken_full_mixed,train
data/raw/Rice/rice_quality/broken/grain_543.jpg,rice,D,rice_quality_broken_full_mixed,train
data/raw/Rice/rice_quality/broken/grain_544.jpg,rice,D,rice_quality_broken_full_mixed,train
data/raw/Rice/rice_quality/broken/grain_545.jpg,rice,D,rice_quality_broken_full_mixed,train
data/raw/Rice/rice_quality/broken/grain_546.jpg,rice,D,rice_quality_broken_full_mixed,train
data/raw/Rice/rice_quality/broken/grain_547.jpg,rice,D,rice_quality_broken_full_mixed,train
data/raw/Rice/rice_quality/broken/grain_549.jpg,rice,D,rice_quality_broken_full_mixed,train
data/raw/Rice/rice_quality/broken/grain_55.jpg,rice,D,rice_quality_broken_full_mixed,train
data/raw/Rice/rice_quality/broken/grain_550.jpg,rice,D,rice_quality_broken_full_mixed,train
data/raw/Rice/rice_quality/broken/grain_552.jpg,rice,D,rice_quality_broken_full_mixed,train
data/raw/Rice/rice_quality/broken/grain_553.jpg,rice,D,rice_quality_broken_full_mixed,train
data/raw/Rice/rice_quality/broken/grain_554.jpg,rice,D,rice_quality_broken_full_mixed,train
data/raw/Rice/rice_quality/broken/grain_556.jpg,rice,D,rice_quality_broken_full_mixed,train
data/raw/Rice/rice_quality/broken/grain_558.jpg,rice,D,rice_quality_broken_full_mixed,train
data/raw/Rice/rice_quality/broken/grain_559.jpg,rice,D,rice_quality_broken_full_mixed,train
data/raw/Rice/rice_quality/broken/grain_56.jpg,rice,D,rice_quality_broken_full_mixed,train
data/raw/Rice/rice_quality/broken/grain_560.jpg,rice,D,rice_quality_broken_full_mixed,train
data/raw/Rice/rice_quality/broken/grain_561.jpg,rice,D,rice_quality_broken_full_mixed,train
data/raw/Rice/rice_quality/broken/grain_563.jpg,rice,D,rice_quality_broken_full_mixed,train
data/raw/Rice/rice_quality/broken/grain_566.jpg,rice,D,rice_quality_broken_full_mixed,train
data/raw/Rice/rice_quality/broken/grain_568.jpg,rice,D,rice_quality_broken_full_mixed,train
data/raw/Rice/rice_quality/broken/grain_569.jpg,rice,D,rice_quality_broken_full_mixed,train
data/raw/Rice/rice_quality/broken/grain_57.jpg,rice,D,rice_quality_broken_full_mixed,train
data/raw/Rice/rice_quality/broken/grain_571.jpg,rice,D,rice_quality_broken_full_mixed,train
data/raw/Rice/rice_quality/broken/grain_572.jpg,rice,D,rice_quality_broken_full_mixed,train
data/raw/Rice/rice_quality/broken/grain_574.jpg,rice,D,rice_quality_broken_full_mixed,train
data/raw/Rice/rice_quality/broken/grain_575.jpg,rice,D,rice_quality_broken_full_mixed,train
data/raw/Rice/rice_quality/broken/grain_577.jpg,rice,D,rice_quality_broken_full_mixed,train
data/raw/Rice/rice_quality/broken/grain_578.jpg,rice,D,rice_quality_broken_full_mixed,train
data/raw/Rice/rice_quality/broken/grain_579.jpg,rice,D,rice_quality_broken_full_mixed,train
data/raw/Rice/rice_quality/broken/grain_58.jpg,rice,D,rice_quality_broken_full_mixed,train
data/raw/Rice/rice_quality/broken/grain_580.jpg,rice,D,rice_quality_broken_full_mixed,train
data/raw/Rice/rice_quality/broken/grain_581.jpg,rice,D,rice_quality_broken_full_mixed,train
data/raw/Rice/rice_quality/broken/grain_582.jpg,rice,D,rice_quality_broken_full_mixed,train
data/raw/Rice/rice_quality/broken/grain_584.jpg,rice,D,rice_quality_broken_full_mixed,train
data/raw/Rice/rice_quality/broken/grain_586.jpg,rice,D,rice_quality_broken_full_mixed,train
data/raw/Rice/rice_quality/broken/grain_588.jpg,rice,D,rice_quality_broken_full_mixed,train
data/raw/Rice/rice_quality/broken/grain_589.jpg,rice,D,rice_quality_broken_full_mixed,train
data/raw/Rice/rice_quality/broken/grain_59.jpg,rice,D,rice_quality_broken_full_mixed,train
data/raw/Rice/rice_quality/broken/grain_591.jpg,rice,D,rice_quality_broken_full_mixed,train
data/raw/Rice/rice_quality/broken/grain_593.jpg,rice,D,rice_quality_broken_full_mixed,train
data/raw/Rice/rice_quality/broken/grain_594.jpg,rice,D,rice_quality_broken_full_mixed,train
data/raw/Rice/rice_quality/broken/grain_595.jpg,rice,D,rice_quality_broken_full_mixed,train
data/raw/Rice/rice_quality/broken/grain_596.jpg,rice,D,rice_quality_broken_full_mixed,train
data/raw/Rice/rice_quality/broken/grain_597.jpg,rice,D,rice_quality_broken_full_mixed,train
data/raw/Rice/rice_quality/broken/grain_598.jpg,rice,D,rice_quality_broken_full_mixed,train
data/raw/Rice/rice_quality/broken/grain_6.jpg,rice,D,rice_quality_broken_full_mixed,train
data/raw/Rice/rice_quality/broken/grain_600.jpg,rice,D,rice_quality_broken_full_mixed,train
data/raw/Rice/rice_quality/broken/grain_602.jpg,rice,D,rice_quality_broken_full_mixed,train
data/raw/Rice/rice_quality/broken/grain_604.jpg,rice,D,rice_quality_broken_full_mixed,train
data/raw/Rice/rice_quality/broken/grain_605.jpg,rice,D,rice_quality_broken_full_mixed,train
data/raw/Rice/rice_quality/broken/grain_606.jpg,rice,D,rice_quality_broken_full_mixed,train
data/raw/Rice/rice_quality/broken/grain_607.jpg,rice,D,rice_quality_broken_full_mixed,train
data/raw/Rice/rice_quality/broken/grain_61.jpg,rice,D,rice_quality_broken_full_mixed,train
data/raw/Rice/rice_quality/broken/grain_610.jpg,rice,D,rice_quality_broken_full_mixed,train
data/raw/Rice/rice_quality/broken/grain_611.jpg,rice,D,rice_quality_broken_full_mixed,train
data/raw/Rice/rice_quality/broken/grain_612.jpg,rice,D,rice_quality_broken_full_mixed,train
data/raw/Rice/rice_quality/broken/grain_614.jpg,rice,D,rice_quality_broken_full_mixed,train
data/raw/Rice/rice_quality/broken/grain_615.jpg,rice,D,rice_quality_broken_full_mixed,train
data/raw/Rice/rice_quality/broken/grain_616.jpg,rice,D,rice_quality_broken_full_mixed,train
data/raw/Rice/rice_quality/broken/grain_617.jpg,rice,D,rice_quality_broken_full_mixed,train
data/raw/Rice/rice_quality/broken/grain_618.jpg,rice,D,rice_quality_broken_full_mixed,train
data/raw/Rice/rice_quality/broken/grain_62.jpg,rice,D,rice_quality_broken_full_mixed,train
data/raw/Rice/rice_quality/broken/grain_620.jpg,rice,D,rice_quality_broken_full_mixed,train
data/raw/Rice/rice_quality/broken/grain_621.jpg,rice,D,rice_quality_broken_full_mixed,train
data/raw/Rice/rice_quality/broken/grain_622.jpg,rice,D,rice_quality_broken_full_mixed,train
data/raw/Rice/rice_quality/broken/grain_623.jpg,rice,D,rice_quality_broken_full_mixed,train
data/raw/Rice/rice_quality/broken/grain_624.jpg,rice,D,rice_quality_broken_full_mixed,train
data/raw/Rice/rice_quality/broken/grain_625.jpg,rice,D,rice_quality_broken_full_mixed,train
data/raw/Rice/rice_quality/broken/grain_626.jpg,rice,D,rice_quality_broken_full_mixed,train
data/raw/Rice/rice_quality/broken/grain_627.jpg,rice,D,rice_quality_broken_full_mixed,train
data/raw/Rice/rice_quality/broken/grain_628.jpg,rice,D,rice_quality_broken_full_mixed,train
data/raw/Rice/rice_quality/broken/grain_63.jpg,rice,D,rice_quality_broken_full_mixed,train
data/raw/Rice/rice_quality/broken/grain_630.jpg,rice,D,rice_quality_broken_full_mixed,train
data/raw/Rice/rice_quality/broken/grain_632.jpg,rice,D,rice_quality_broken_full_mixed,train
data/raw/Rice/rice_quality/broken/grain_633.jpg,rice,D,rice_quality_broken_full_mixed,train
data/raw/Rice/rice_quality/broken/grain_635.jpg,rice,D,rice_quality_broken_full_mixed,train
data/raw/Rice/rice_quality/broken/grain_636.jpg,rice,D,rice_quality_broken_full_mixed,train
data/raw/Rice/rice_quality/broken/grain_638.jpg,rice,D,rice_quality_broken_full_mixed,train
data/raw/Rice/rice_quality/broken/grain_639.jpg,rice,D,rice_quality_broken_full_mixed,train
data/raw/Rice/rice_quality/broken/grain_64.jpg,rice,D,rice_quality_broken_full_mixed,train
data/raw/Rice/rice_quality/broken/grain_640.jpg,rice,D,rice_quality_broken_full_mixed,train
data/raw/Rice/rice_quality/broken/grain_641.jpg,rice,D,rice_quality_broken_full_mixed,train
data/raw/Rice/rice_quality/broken/grain_642.jpg,rice,D,rice_quality_broken_full_mixed,train
data/raw/Rice/rice_quality/broken/grain_643.jpg,rice,D,rice_quality_broken_full_mixed,train
data/raw/Rice/rice_quality/broken/grain_645.jpg,rice,D,rice_quality_broken_full_mixed,train
data/raw/Rice/rice_quality/broken/grain_646.jpg,rice,D,rice_quality_broken_full_mixed,train
data/raw/Rice/rice_quality/broken/grain_647.jpg,rice,D,rice_quality_broken_full_mixed,train
data/raw/Rice/rice_quality/broken/grain_648.jpg,rice,D,rice_quality_broken_full_mixed,train
data/raw/Rice/rice_quality/broken/grain_649.jpg,rice,D,rice_quality_broken_full_mixed,train
data/raw/Rice/rice_quality/broken/grain_651.jpg,rice,D,rice_quality_broken_full_mixed,train
data/raw/Rice/rice_quality/broken/grain_652.jpg,rice,D,rice_quality_broken_full_mixed,train
data/raw/Rice/rice_quality/broken/grain_654.jpg,rice,D,rice_quality_broken_full_mixed,train
data/raw/Rice/rice_quality/broken/grain_655.jpg,rice,D,rice_quality_broken_full_mixed,train
data/raw/Rice/rice_quality/broken/grain_660.jpg,rice,D,rice_quality_broken_full_mixed,train
data/raw/Rice/rice_quality/broken/grain_661.jpg,rice,D,rice_quality_broken_full_mixed,train
data/raw/Rice/rice_quality/broken/grain_662.jpg,rice,D,rice_quality_broken_full_mixed,train
data/raw/Rice/rice_quality/broken/grain_663.jpg,rice,D,rice_quality_broken_full_mixed,train
data/raw/Rice/rice_quality/broken/grain_664.jpg,rice,D,rice_quality_broken_full_mixed,train
data/raw/Rice/rice_quality/broken/grain_665.jpg,rice,D,rice_quality_broken_full_mixed,train
data/raw/Rice/rice_quality/broken/grain_666.jpg,rice,D,rice_quality_broken_full_mixed,train
data/raw/Rice/rice_quality/broken/grain_667.jpg,rice,D,rice_quality_broken_full_mixed,train
data/raw/Rice/rice_quality/broken/grain_668.jpg,rice,D,rice_quality_broken_full_mixed,train
data/raw/Rice/rice_quality/broken/grain_670.jpg,rice,D,rice_quality_broken_full_mixed,train
data/raw/Rice/rice_quality/broken/grain_671.jpg,rice,D,rice_quality_broken_full_mixed,train
data/raw/Rice/rice_quality/broken/grain_672.jpg,rice,D,rice_quality_broken_full_mixed,train
data/raw/Rice/rice_quality/broken/grain_673.jpg,rice,D,rice_quality_broken_full_mixed,train
data/raw/Rice/rice_quality/broken/grain_675.jpg,rice,D,rice_quality_broken_full_mixed,train
data/raw/Rice/rice_quality/broken/grain_676.jpg,rice,D,rice_quality_broken_full_mixed,train
data/raw/Rice/rice_quality/broken/grain_677.jpg,rice,D,rice_quality_broken_full_mixed,train
data/raw/Rice/rice_quality/broken/grain_678.jpg,rice,D,rice_quality_broken_full_mixed,train
data/raw/Rice/rice_quality/broken/grain_679.jpg,rice,D,rice_quality_broken_full_mixed,train
data/raw/Rice/rice_quality/broken/grain_68.jpg,rice,D,rice_quality_broken_full_mixed,train
data/raw/Rice/rice_quality/broken/grain_680.jpg,rice,D,rice_quality_broken_full_mixed,train
data/raw/Rice/rice_quality/broken/grain_681.jpg,rice,D,rice_quality_broken_full_mixed,train
data/raw/Rice/rice_quality/broken/grain_682.jpg,rice,D,rice_quality_broken_full_mixed,train
data/raw/Rice/rice_quality/broken/grain_683.jpg,rice,D,rice_quality_broken_full_mixed,train
data/raw/Rice/rice_quality/broken/grain_685.jpg,rice,D,rice_quality_broken_full_mixed,train
data/raw/Rice/rice_quality/broken/grain_686.jpg,rice,D,rice_quality_broken_full_mixed,train
data/raw/Rice/rice_quality/broken/grain_687.jpg,rice,D,rice_quality_broken_full_mixed,train
data/raw/Rice/rice_quality/broken/grain_689.jpg,rice,D,rice_quality_broken_full_mixed,train
data/raw/Rice/rice_quality/broken/grain_69.jpg,rice,D,rice_quality_broken_full_mixed,train
data/raw/Rice/rice_quality/broken/grain_690.jpg,rice,D,rice_quality_broken_full_mixed,train
data/raw/Rice/rice_quality/broken/grain_691.jpg,rice,D,rice_quality_broken_full_mixed,train
data/raw/Rice/rice_quality/broken/grain_692.jpg,rice,D,rice_quality_broken_full_mixed,train
data/raw/Rice/rice_quality/broken/grain_694.jpg,rice,D,rice_quality_broken_full_mixed,train
data/raw/Rice/rice_quality/broken/grain_695.jpg,rice,D,rice_quality_broken_full_mixed,train
data/raw/Rice/rice_quality/broken/grain_697.jpg,rice,D,rice_quality_broken_full_mixed,train
data/raw/Rice/rice_quality/broken/grain_698.jpg,rice,D,rice_quality_broken_full_mixed,train
data/raw/Rice/rice_quality/broken/grain_699.jpg,rice,D,rice_quality_broken_full_mixed,train
data/raw/Rice/rice_quality/broken/grain_7.jpg,rice,D,rice_quality_broken_full_mixed,train
data/raw/Rice/rice_quality/broken/grain_70.jpg,rice,D,rice_quality_broken_full_mixed,train
data/raw/Rice/rice_quality/broken/grain_700.jpg,rice,D,rice_quality_broken_full_mixed,train
data/raw/Rice/rice_quality/broken/grain_701.jpg,rice,D,rice_quality_broken_full_mixed,train
data/raw/Rice/rice_quality/broken/grain_703.jpg,rice,D,rice_quality_broken_full_mixed,train
data/raw/Rice/rice_quality/broken/grain_704.jpg,rice,D,rice_quality_broken_full_mixed,train
data/raw/Rice/rice_quality/broken/grain_706.jpg,rice,D,rice_quality_broken_full_mixed,train
data/raw/Rice/rice_quality/broken/grain_707.jpg,rice,D,rice_quality_broken_full_mixed,train
data/raw/Rice/rice_quality/broken/grain_708.jpg,rice,D,rice_quality_broken_full_mixed,train
data/raw/Rice/rice_quality/broken/grain_71.jpg,rice,D,rice_quality_broken_full_mixed,train
data/raw/Rice/rice_quality/broken/grain_710.jpg,rice,D,rice_quality_broken_full_mixed,train
data/raw/Rice/rice_quality/broken/grain_711.jpg,rice,D,rice_quality_broken_full_mixed,train
data/raw/Rice/rice_quality/broken/grain_713.jpg,rice,D,rice_quality_broken_full_mixed,train
data/raw/Rice/rice_quality/broken/grain_714.jpg,rice,D,rice_quality_broken_full_mixed,train
data/raw/Rice/rice_quality/broken/grain_715.jpg,rice,D,rice_quality_broken_full_mixed,train
data/raw/Rice/rice_quality/broken/grain_716.jpg,rice,D,rice_quality_broken_full_mixed,train
data/raw/Rice/rice_quality/broken/grain_717.jpg,rice,D,rice_quality_broken_full_mixed,train
data/raw/Rice/rice_quality/broken/grain_718.jpg,rice,D,rice_quality_broken_full_mixed,train
data/raw/Rice/rice_quality/broken/grain_72.jpg,rice,D,rice_quality_broken_full_mixed,train
data/raw/Rice/rice_quality/broken/grain_721.jpg,rice,D,rice_quality_broken_full_mixed,train
data/raw/Rice/rice_quality/broken/grain_722.jpg,rice,D,rice_quality_broken_full_mixed,train
data/raw/Rice/rice_quality/broken/grain_723.jpg,rice,D,rice_quality_broken_full_mixed,train
data/raw/Rice/rice_quality/broken/grain_724.jpg,rice,D,rice_quality_broken_full_mixed,train
data/raw/Rice/rice_quality/broken/grain_725.jpg,rice,D,rice_quality_broken_full_mixed,train
data/raw/Rice/rice_quality/broken/grain_726.jpg,rice,D,rice_quality_broken_full_mixed,train
data/raw/Rice/rice_quality/broken/grain_727.jpg,rice,D,rice_quality_broken_full_mixed,train
data/raw/Rice/rice_quality/broken/grain_728.jpg,rice,D,rice_quality_broken_full_mixed,train
data/raw/Rice/rice_quality/broken/grain_729.jpg,rice,D,rice_quality_broken_full_mixed,train
data/raw/Rice/rice_quality/broken/grain_73.jpg,rice,D,rice_quality_broken_full_mixed,train
data/raw/Rice/rice_quality/broken/grain_731.jpg,rice,D,rice_quality_broken_full_mixed,train
data/raw/Rice/rice_quality/broken/grain_732.jpg,rice,D,rice_quality_broken_full_mixed,train
data/raw/Rice/rice_quality/broken/grain_735.jpg,rice,D,rice_quality_broken_full_mixed,train
data/raw/Rice/rice_quality/broken/grain_736.jpg,rice,D,rice_quality_broken_full_mixed,train
data/raw/Rice/rice_quality/broken/grain_737.jpg,rice,D,rice_quality_broken_full_mixed,train
data/raw/Rice/rice_quality/broken/grain_738.jpg,rice,D,rice_quality_broken_full_mixed,train
data/raw/Rice/rice_quality/broken/grain_74.jpg,rice,D,rice_quality_broken_full_mixed,train
data/raw/Rice/rice_quality/broken/grain_740.jpg,rice,D,rice_quality_broken_full_mixed,train
data/raw/Rice/rice_quality/broken/grain_742.jpg,rice,D,rice_quality_broken_full_mixed,train
data/raw/Rice/rice_quality/broken/grain_744.jpg,rice,D,rice_quality_broken_full_mixed,train
data/raw/Rice/rice_quality/broken/grain_746.jpg,rice,D,rice_quality_broken_full_mixed,train
data/raw/Rice/rice_quality/broken/grain_747.jpg,rice,D,rice_quality_broken_full_mixed,train
data/raw/Rice/rice_quality/broken/grain_748.jpg,rice,D,rice_quality_broken_full_mixed,train
data/raw/Rice/rice_quality/broken/grain_749.jpg,rice,D,rice_quality_broken_full_mixed,train
data/raw/Rice/rice_quality/broken/grain_75.jpg,rice,D,rice_quality_broken_full_mixed,train
data/raw/Rice/rice_quality/broken/grain_750.jpg,rice,D,rice_quality_broken_full_mixed,train
data/raw/Rice/rice_quality/broken/grain_751.jpg,rice,D,rice_quality_broken_full_mixed,train
data/raw/Rice/rice_quality/broken/grain_754.jpg,rice,D,rice_quality_broken_full_mixed,train
data/raw/Rice/rice_quality/broken/grain_755.jpg,rice,D,rice_quality_broken_full_mixed,train
data/raw/Rice/rice_quality/broken/grain_756.jpg,rice,D,rice_quality_broken_full_mixed,train
data/raw/Rice/rice_quality/broken/grain_757.jpg,rice,D,rice_quality_broken_full_mixed,train
data/raw/Rice/rice_quality/broken/grain_758.jpg,rice,D,rice_quality_broken_full_mixed,train
data/raw/Rice/rice_quality/broken/grain_759.jpg,rice,D,rice_quality_broken_full_mixed,train
data/raw/Rice/rice_quality/broken/grain_76.jpg,rice,D,rice_quality_broken_full_mixed,train
data/raw/Rice/rice_quality/broken/grain_760.jpg,rice,D,rice_quality_broken_full_mixed,train
data/raw/Rice/rice_quality/broken/grain_761.jpg,rice,D,rice_quality_broken_full_mixed,train
data/raw/Rice/rice_quality/broken/grain_762.jpg,rice,D,rice_quality_broken_full_mixed,train
data/raw/Rice/rice_quality/broken/grain_765.jpg,rice,D,rice_quality_broken_full_mixed,train
data/raw/Rice/rice_quality/broken/grain_766.jpg,rice,D,rice_quality_broken_full_mixed,train
data/raw/Rice/rice_quality/broken/grain_767.jpg,rice,D,rice_quality_broken_full_mixed,train
data/raw/Rice/rice_quality/broken/grain_768.jpg,rice,D,rice_quality_broken_full_mixed,train
data/raw/Rice/rice_quality/broken/grain_769.jpg,rice,D,rice_quality_broken_full_mixed,train
data/raw/Rice/rice_quality/broken/grain_770.jpg,rice,D,rice_quality_broken_full_mixed,train
data/raw/Rice/rice_quality/broken/grain_771.jpg,rice,D,rice_quality_broken_full_mixed,train
data/raw/Rice/rice_quality/broken/grain_774.jpg,rice,D,rice_quality_broken_full_mixed,train
data/raw/Rice/rice_quality/broken/grain_775.jpg,rice,D,rice_quality_broken_full_mixed,train
data/raw/Rice/rice_quality/broken/grain_778.jpg,rice,D,rice_quality_broken_full_mixed,train
data/raw/Rice/rice_quality/broken/grain_781.jpg,rice,D,rice_quality_broken_full_mixed,train
data/raw/Rice/rice_quality/broken/grain_784.jpg,rice,D,rice_quality_broken_full_mixed,train
data/raw/Rice/rice_quality/broken/grain_785.jpg,rice,D,rice_quality_broken_full_mixed,train
data/raw/Rice/rice_quality/broken/grain_786.jpg,rice,D,rice_quality_broken_full_mixed,train
data/raw/Rice/rice_quality/broken/grain_788.jpg,rice,D,rice_quality_broken_full_mixed,train
data/raw/Rice/rice_quality/broken/grain_789.jpg,rice,D,rice_quality_broken_full_mixed,train
data/raw/Rice/rice_quality/broken/grain_79.jpg,rice,D,rice_quality_broken_full_mixed,train
data/raw/Rice/rice_quality/broken/grain_790.jpg,rice,D,rice_quality_broken_full_mixed,train
data/raw/Rice/rice_quality/broken/grain_791.jpg,rice,D,rice_quality_broken_full_mixed,train
data/raw/Rice/rice_quality/broken/grain_792.jpg,rice,D,rice_quality_broken_full_mixed,train
data/raw/Rice/rice_quality/broken/grain_793.jpg,rice,D,rice_quality_broken_full_mixed,train
data/raw/Rice/rice_quality/broken/grain_794.jpg,rice,D,rice_quality_broken_full_mixed,train
data/raw/Rice/rice_quality/broken/grain_796.jpg,rice,D,rice_quality_broken_full_mixed,train
data/raw/Rice/rice_quality/broken/grain_797.jpg,rice,D,rice_quality_broken_full_mixed,train
data/raw/Rice/rice_quality/broken/grain_799.jpg,rice,D,rice_quality_broken_full_mixed,train
data/raw/Rice/rice_quality/broken/grain_8.jpg,rice,D,rice_quality_broken_full_mixed,train
data/raw/Rice/rice_quality/broken/grain_80.jpg,rice,D,rice_quality_broken_full_mixed,train
data/raw/Rice/rice_quality/broken/grain_800.jpg,rice,D,rice_quality_broken_full_mixed,train
data/raw/Rice/rice_quality/broken/grain_803.jpg,rice,D,rice_quality_broken_full_mixed,train
data/raw/Rice/rice_quality/broken/grain_805.jpg,rice,D,rice_quality_broken_full_mixed,train
data/raw/Rice/rice_quality/broken/grain_808.jpg,rice,D,rice_quality_broken_full_mixed,train
data/raw/Rice/rice_quality/broken/grain_809.jpg,rice,D,rice_quality_broken_full_mixed,train
data/raw/Rice/rice_quality/broken/grain_81.jpg,rice,D,rice_quality_broken_full_mixed,train
data/raw/Rice/rice_quality/broken/grain_810.jpg,rice,D,rice_quality_broken_full_mixed,train
data/raw/Rice/rice_quality/broken/grain_811.jpg,rice,D,rice_quality_broken_full_mixed,train
data/raw/Rice/rice_quality/broken/grain_812.jpg,rice,D,rice_quality_broken_full_mixed,train
data/raw/Rice/rice_quality/broken/grain_813.jpg,rice,D,rice_quality_broken_full_mixed,train
data/raw/Rice/rice_quality/broken/grain_814.jpg,rice,D,rice_quality_broken_full_mixed,train
data/raw/Rice/rice_quality/broken/grain_815.jpg,rice,D,rice_quality_broken_full_mixed,train
data/raw/Rice/rice_quality/broken/grain_816.jpg,rice,D,rice_quality_broken_full_mixed,train
data/raw/Rice/rice_quality/broken/grain_817.jpg,rice,D,rice_quality_broken_full_mixed,train
data/raw/Rice/rice_quality/broken/grain_82.jpg,rice,D,rice_quality_broken_full_mixed,train
data/raw/Rice/rice_quality/broken/grain_820.jpg,rice,D,rice_quality_broken_full_mixed,train
data/raw/Rice/rice_quality/broken/grain_821.jpg,rice,D,rice_quality_broken_full_mixed,train
data/raw/Rice/rice_quality/broken/grain_822.jpg,rice,D,rice_quality_broken_full_mixed,train
data/raw/Rice/rice_quality/broken/grain_823.jpg,rice,D,rice_quality_broken_full_mixed,train
data/raw/Rice/rice_quality/broken/grain_826.jpg,rice,D,rice_quality_broken_full_mixed,train
data/raw/Rice/rice_quality/broken/grain_827.jpg,rice,D,rice_quality_broken_full_mixed,train
data/raw/Rice/rice_quality/broken/grain_828.jpg,rice,D,rice_quality_broken_full_mixed,train
data/raw/Rice/rice_quality/broken/grain_829.jpg,rice,D,rice_quality_broken_full_mixed,train
data/raw/Rice/rice_quality/broken/grain_831.jpg,rice,D,rice_quality_broken_full_mixed,train
data/raw/Rice/rice_quality/broken/grain_832.jpg,rice,D,rice_quality_broken_full_mixed,train
data/raw/Rice/rice_quality/broken/grain_834.jpg,rice,D,rice_quality_broken_full_mixed,train
data/raw/Rice/rice_quality/broken/grain_835.jpg,rice,D,rice_quality_broken_full_mixed,train
data/raw/Rice/rice_quality/broken/grain_838.jpg,rice,D,rice_quality_broken_full_mixed,train
data/raw/Rice/rice_quality/broken/grain_839.jpg,rice,D,rice_quality_broken_full_mixed,train
data/raw/Rice/rice_quality/broken/grain_84.jpg,rice,D,rice_quality_broken_full_mixed,train
data/raw/Rice/rice_quality/broken/grain_840.jpg,rice,D,rice_quality_broken_full_mixed,train
data/raw/Rice/rice_quality/broken/grain_841.jpg,rice,D,rice_quality_broken_full_mixed,train
data/raw/Rice/rice_quality/broken/grain_843.jpg,rice,D,rice_quality_broken_full_mixed,train
data/raw/Rice/rice_quality/broken/grain_845.jpg,rice,D,rice_quality_broken_full_mixed,train
data/raw/Rice/rice_quality/broken/grain_847.jpg,rice,D,rice_quality_broken_full_mixed,train
data/raw/Rice/rice_quality/broken/grain_85.jpg,rice,D,rice_quality_broken_full_mixed,train
data/raw/Rice/rice_quality/broken/grain_850.jpg,rice,D,rice_quality_broken_full_mixed,train
data/raw/Rice/rice_quality/broken/grain_851.jpg,rice,D,rice_quality_broken_full_mixed,train
data/raw/Rice/rice_quality/broken/grain_852.jpg,rice,D,rice_quality_broken_full_mixed,train
data/raw/Rice/rice_quality/broken/grain_853.jpg,rice,D,rice_quality_broken_full_mixed,train
data/raw/Rice/rice_quality/broken/grain_854.jpg,rice,D,rice_quality_broken_full_mixed,train
data/raw/Rice/rice_quality/broken/grain_856.jpg,rice,D,rice_quality_broken_full_mixed,train
data/raw/Rice/rice_quality/broken/grain_857.jpg,rice,D,rice_quality_broken_full_mixed,train
data/raw/Rice/rice_quality/broken/grain_858.jpg,rice,D,rice_quality_broken_full_mixed,train
data/raw/Rice/rice_quality/broken/grain_859.jpg,rice,D,rice_quality_broken_full_mixed,train
data/raw/Rice/rice_quality/broken/grain_86.jpg,rice,D,rice_quality_broken_full_mixed,train
data/raw/Rice/rice_quality/broken/grain_860.jpg,rice,D,rice_quality_broken_full_mixed,train
data/raw/Rice/rice_quality/broken/grain_862.jpg,rice,D,rice_quality_broken_full_mixed,train
data/raw/Rice/rice_quality/broken/grain_863.jpg,rice,D,rice_quality_broken_full_mixed,train
data/raw/Rice/rice_quality/broken/grain_864.jpg,rice,D,rice_quality_broken_full_mixed,train
data/raw/Rice/rice_quality/broken/grain_867.jpg,rice,D,rice_quality_broken_full_mixed,train
data/raw/Rice/rice_quality/broken/grain_868.jpg,rice,D,rice_quality_broken_full_mixed,train
data/raw/Rice/rice_quality/broken/grain_869.jpg,rice,D,rice_quality_broken_full_mixed,train
data/raw/Rice/rice_quality/broken/grain_870.jpg,rice,D,rice_quality_broken_full_mixed,train
data/raw/Rice/rice_quality/broken/grain_871.jpg,rice,D,rice_quality_broken_full_mixed,train
data/raw/Rice/rice_quality/broken/grain_873.jpg,rice,D,rice_quality_broken_full_mixed,train
data/raw/Rice/rice_quality/broken/grain_874.jpg,rice,D,rice_quality_broken_full_mixed,train
data/raw/Rice/rice_quality/broken/grain_875.jpg,rice,D,rice_quality_broken_full_mixed,train
data/raw/Rice/rice_quality/broken/grain_876.jpg,rice,D,rice_quality_broken_full_mixed,train
data/raw/Rice/rice_quality/broken/grain_877.jpg,rice,D,rice_quality_broken_full_mixed,train
data/raw/Rice/rice_quality/broken/grain_878.jpg,rice,D,rice_quality_broken_full_mixed,train
data/raw/Rice/rice_quality/broken/grain_879.jpg,rice,D,rice_quality_broken_full_mixed,train
data/raw/Rice/rice_quality/broken/grain_88.jpg,rice,D,rice_quality_broken_full_mixed,train
data/raw/Rice/rice_quality/broken/grain_880.jpg,rice,D,rice_quality_broken_full_mixed,train
data/raw/Rice/rice_quality/broken/grain_881.jpg,rice,D,rice_quality_broken_full_mixed,train
data/raw/Rice/rice_quality/broken/grain_882.jpg,rice,D,rice_quality_broken_full_mixed,train
data/raw/Rice/rice_quality/broken/grain_883.jpg,rice,D,rice_quality_broken_full_mixed,train
data/raw/Rice/rice_quality/broken/grain_885.jpg,rice,D,rice_quality_broken_full_mixed,train
data/raw/Rice/rice_quality/broken/grain_886.jpg,rice,D,rice_quality_broken_full_mixed,train
data/raw/Rice/rice_quality/broken/grain_888.jpg,rice,D,rice_quality_broken_full_mixed,train
data/raw/Rice/rice_quality/broken/grain_889.jpg,rice,D,rice_quality_broken_full_mixed,train
data/raw/Rice/rice_quality/broken/grain_892.jpg,rice,D,rice_quality_broken_full_mixed,train
data/raw/Rice/rice_quality/broken/grain_893.jpg,rice,D,rice_quality_broken_full_mixed,train
data/raw/Rice/rice_quality/broken/grain_896.jpg,rice,D,rice_quality_broken_full_mixed,train
data/raw/Rice/rice_quality/broken/grain_898.jpg,rice,D,rice_quality_broken_full_mixed,train
data/raw/Rice/rice_quality/broken/grain_899.jpg,rice,D,rice_quality_broken_full_mixed,train
data/raw/Rice/rice_quality/broken/grain_901.jpg,rice,D,rice_quality_broken_full_mixed,train
data/raw/Rice/rice_quality/broken/grain_902.jpg,rice,D,rice_quality_broken_full_mixed,train
data/raw/Rice/rice_quality/broken/grain_904.jpg,rice,D,rice_quality_broken_full_mixed,train
data/raw/Rice/rice_quality/broken/grain_905.jpg,rice,D,rice_quality_broken_full_mixed,train
data/raw/Rice/rice_quality/broken/grain_906.jpg,rice,D,rice_quality_broken_full_mixed,train
data/raw/Rice/rice_quality/broken/grain_907.jpg,rice,D,rice_quality_broken_full_mixed,train
data/raw/Rice/rice_quality/broken/grain_91.jpg,rice,D,rice_quality_broken_full_mixed,train
data/raw/Rice/rice_quality/broken/grain_910.jpg,rice,D,rice_quality_broken_full_mixed,train
data/raw/Rice/rice_quality/broken/grain_911.jpg,rice,D,rice_quality_broken_full_mixed,train
data/raw/Rice/rice_quality/broken/grain_913.jpg,rice,D,rice_quality_broken_full_mixed,train
data/raw/Rice/rice_quality/broken/grain_915.jpg,rice,D,rice_quality_broken_full_mixed,train
data/raw/Rice/rice_quality/broken/grain_916.jpg,rice,D,rice_quality_broken_full_mixed,train
data/raw/Rice/rice_quality/broken/grain_917.jpg,rice,D,rice_quality_broken_full_mixed,train
data/raw/Rice/rice_quality/broken/grain_919.jpg,rice,D,rice_quality_broken_full_mixed,train
data/raw/Rice/rice_quality/broken/grain_92.jpg,rice,D,rice_quality_broken_full_mixed,train
data/raw/Rice/rice_quality/broken/grain_920.jpg,rice,D,rice_quality_broken_full_mixed,train
data/raw/Rice/rice_quality/broken/grain_921.jpg,rice,D,rice_quality_broken_full_mixed,train
data/raw/Rice/rice_quality/broken/grain_923.jpg,rice,D,rice_quality_broken_full_mixed,train
data/raw/Rice/rice_quality/broken/grain_924.jpg,rice,D,rice_quality_broken_full_mixed,train
data/raw/Rice/rice_quality/broken/grain_925.jpg,rice,D,rice_quality_broken_full_mixed,train
data/raw/Rice/rice_quality/broken/grain_927.jpg,rice,D,rice_quality_broken_full_mixed,train
data/raw/Rice/rice_quality/broken/grain_928.jpg,rice,D,rice_quality_broken_full_mixed,train
data/raw/Rice/rice_quality/broken/grain_929.jpg,rice,D,rice_quality_broken_full_mixed,train
data/raw/Rice/rice_quality/broken/grain_93.jpg,rice,D,rice_quality_broken_full_mixed,train
data/raw/Rice/rice_quality/broken/grain_930.jpg,rice,D,rice_quality_broken_full_mixed,train
data/raw/Rice/rice_quality/broken/grain_932.jpg,rice,D,rice_quality_broken_full_mixed,train
data/raw/Rice/rice_quality/broken/grain_934.jpg,rice,D,rice_quality_broken_full_mixed,train
data/raw/Rice/rice_quality/broken/grain_935.jpg,rice,D,rice_quality_broken_full_mixed,train
data/raw/Rice/rice_quality/broken/grain_936.jpg,rice,D,rice_quality_broken_full_mixed,train
data/raw/Rice/rice_quality/broken/grain_938.jpg,rice,D,rice_quality_broken_full_mixed,train
data/raw/Rice/rice_quality/broken/grain_939.jpg,rice,D,rice_quality_broken_full_mixed,train
data/raw/Rice/rice_quality/broken/grain_94.jpg,rice,D,rice_quality_broken_full_mixed,train
data/raw/Rice/rice_quality/broken/grain_940.jpg,rice,D,rice_quality_broken_full_mixed,train
data/raw/Rice/rice_quality/broken/grain_941.jpg,rice,D,rice_quality_broken_full_mixed,train
data/raw/Rice/rice_quality/broken/grain_943.jpg,rice,D,rice_quality_broken_full_mixed,train
data/raw/Rice/rice_quality/broken/grain_944.jpg,rice,D,rice_quality_broken_full_mixed,train
data/raw/Rice/rice_quality/broken/grain_945.jpg,rice,D,rice_quality_broken_full_mixed,train
data/raw/Rice/rice_quality/broken/grain_946.jpg,rice,D,rice_quality_broken_full_mixed,train
data/raw/Rice/rice_quality/broken/grain_947.jpg,rice,D,rice_quality_broken_full_mixed,train
data/raw/Rice/rice_quality/broken/grain_948.jpg,rice,D,rice_quality_broken_full_mixed,train
data/raw/Rice/rice_quality/broken/grain_949.jpg,rice,D,rice_quality_broken_full_mixed,train
data/raw/Rice/rice_quality/broken/grain_95.jpg,rice,D,rice_quality_broken_full_mixed,train
data/raw/Rice/rice_quality/broken/grain_950.jpg,rice,D,rice_quality_broken_full_mixed,train
data/raw/Rice/rice_quality/broken/grain_952.jpg,rice,D,rice_quality_broken_full_mixed,train
data/raw/Rice/rice_quality/broken/grain_953.jpg,rice,D,rice_quality_broken_full_mixed,train
data/raw/Rice/rice_quality/broken/grain_955.jpg,rice,D,rice_quality_broken_full_mixed,train
data/raw/Rice/rice_quality/broken/grain_957.jpg,rice,D,rice_quality_broken_full_mixed,train
data/raw/Rice/rice_quality/broken/grain_958.jpg,rice,D,rice_quality_broken_full_mixed,train
data/raw/Rice/rice_quality/broken/grain_959.jpg,rice,D,rice_quality_broken_full_mixed,train
data/raw/Rice/rice_quality/broken/grain_96.jpg,rice,D,rice_quality_broken_full_mixed,train
data/raw/Rice/rice_quality/broken/grain_961.jpg,rice,D,rice_quality_broken_full_mixed,train
data/raw/Rice/rice_quality/broken/grain_963.jpg,rice,D,rice_quality_broken_full_mixed,train
data/raw/Rice/rice_quality/broken/grain_964.jpg,rice,D,rice_quality_broken_full_mixed,train
data/raw/Rice/rice_quality/broken/grain_965.jpg,rice,D,rice_quality_broken_full_mixed,train
data/raw/Rice/rice_quality/broken/grain_966.jpg,rice,D,rice_quality_broken_full_mixed,train
data/raw/Rice/rice_quality/broken/grain_97.jpg,rice,D,rice_quality_broken_full_mixed,train
data/raw/Rice/rice_quality/broken/grain_970.jpg,rice,D,rice_quality_broken_full_mixed,train
data/raw/Rice/rice_quality/broken/grain_971.jpg,rice,D,rice_quality_broken_full_mixed,train
data/raw/Rice/rice_quality/broken/grain_972.jpg,rice,D,rice_quality_broken_full_mixed,train
data/raw/Rice/rice_quality/broken/grain_974.jpg,rice,D,rice_quality_broken_full_mixed,train
data/raw/Rice/rice_quality/broken/grain_975.jpg,rice,D,rice_quality_broken_full_mixed,train
data/raw/Rice/rice_quality/broken/grain_976.jpg,rice,D,rice_quality_broken_full_mixed,train
data/raw/Rice/rice_quality/broken/grain_977.jpg,rice,D,rice_quality_broken_full_mixed,train
data/raw/Rice/rice_quality/broken/grain_978.jpg,rice,D,rice_quality_broken_full_mixed,train
data/raw/Rice/rice_quality/broken/grain_981.jpg,rice,D,rice_quality_broken_full_mixed,train
data/raw/Rice/rice_quality/broken/grain_982.jpg,rice,D,rice_quality_broken_full_mixed,train
data/raw/Rice/rice_quality/broken/grain_983.jpg,rice,D,rice_quality_broken_full_mixed,train
data/raw/Rice/rice_quality/broken/grain_984.jpg,rice,D,rice_quality_broken_full_mixed,train
data/raw/Rice/rice_quality/broken/grain_985.jpg,rice,D,rice_quality_broken_full_mixed,train
data/raw/Rice/rice_quality/broken/grain_986.jpg,rice,D,rice_quality_broken_full_mixed,train
data/raw/Rice/rice_quality/broken/grain_988.jpg,rice,D,rice_quality_broken_full_mixed,train
data/raw/Rice/rice_quality/broken/grain_989.jpg,rice,D,rice_quality_broken_full_mixed,train
data/raw/Rice/rice_quality/broken/grain_99.jpg,rice,D,rice_quality_broken_full_mixed,train
data/raw/Rice/rice_quality/broken/grain_990.jpg,rice,D,rice_quality_broken_full_mixed,train
data/raw/Rice/rice_quality/broken/grain_992.jpg,rice,D,rice_quality_broken_full_mixed,train
data/raw/Rice/rice_quality/broken/grain_993.jpg,rice,D,rice_quality_broken_full_mixed,train
data/raw/Rice/rice_quality/broken/grain_994.jpg,rice,D,rice_quality_broken_full_mixed,train
data/raw/Rice/rice_quality/broken/grain_995.jpg,rice,D,rice_quality_broken_full_mixed,train
data/raw/Rice/rice_quality/broken/grain_997.jpg,rice,D,rice_quality_broken_full_mixed,train
data/raw/Rice/rice_quality/broken/grain_998.jpg,rice,D,rice_quality_broken_full_mixed,train
data/raw/Rice/rice_quality/broken/grain_999.jpg,rice,D,rice_quality_broken_full_mixed,train
